id,game_id,publisher_id
1,10866,369
2,9244,369
3,5464,369
4,10868,369
5,7282,369
6,9603,369
7,6573,369
8,10864,369
9,6576,369
10,2556,369
11,6729,369
12,5463,369
13,7265,369
14,10858,369
15,10859,369
16,4866,328
17,3661,498
18,3665,498
19,9258,369
20,992,369
21,7262,369
22,9251,369
23,9246,369
24,3666,498
25,7283,369
26,7254,369
27,990,369
28,3642,464
29,1199,17
30,7294,369
31,1193,17
32,7292,369
33,1194,17
34,1195,17
35,1198,17
36,3659,498
37,9332,369
38,330,369
39,5461,369
40,3847,328
41,7266,369
42,9240,369
43,3643,464
44,9248,369
45,7274,369
46,9252,369
47,3660,498
48,3639,464
49,9238,369
50,3645,464
51,9242,369
52,7264,369
53,4660,532
54,1197,17
55,3855,328
56,5460,369
57,6574,369
58,3849,328
59,3128,464
60,4655,532
61,3641,464
62,1190,17
63,2284,369
64,5821,328
65,329,369
66,5480,369
67,9696,65
68,9250,369
69,3042,139
70,10862,369
71,3845,328
72,5477,369
73,7253,369
74,3057,139
75,9957,139
76,3613,369
77,5449,452
78,3131,464
79,3130,475
80,7277,369
81,6943,54
82,3663,498
83,9249,369
84,8987,139
85,1192,17
86,9851,369
87,1628,464
88,9245,369
89,9333,369
90,1206,17
91,702,139
92,9860,369
93,4654,532
94,6510,139
95,9546,464
96,1630,464
97,9334,369
98,5462,369
99,2914,65
100,5465,369
101,4661,532
102,3040,139
103,6511,139
104,5587,139
105,10539,464
106,1627,464
107,11355,7
108,3462,328
109,10538,464
110,3039,139
111,782,369
112,7749,498
113,3041,139
114,2289,369
115,9843,369
116,475,532
117,3853,328
118,7263,369
119,4890,464
120,7260,369
121,3848,328
122,9257,369
123,9107,82
124,10995,17
125,2524,209
126,4869,328
127,3463,328
128,3461,328
129,5710,282
130,8775,452
131,5714,282
132,5709,282
133,9820,466
134,3145,474
135,5184,464
136,2437,369
137,5123,296
138,7791,551
139,9545,464
140,1583,7
141,2028,17
142,473,532
143,9331,369
144,470,532
145,656,558
146,3251,328
147,5978,82
148,9241,369
149,5466,369
150,7287,369
151,1633,538
152,5821,464
153,3148,474
154,2354,369
155,7275,369
156,3117,475
157,3134,139
158,2281,369
159,7486,369
160,10230,138
161,2453,474
162,2071,17
163,6575,369
164,9253,369
165,9854,369
166,2286,369
167,10240,369
168,5589,139
169,4929,369
170,2893,328
171,5775,328
172,3755,435
173,7796,82
174,3667,498
175,3056,139
176,7787,551
177,10252,17
178,10788,138
179,8938,464
180,5162,369
181,3756,17
182,2911,65
183,7270,369
184,10541,464
185,5319,139
186,2079,369
187,5977,82
188,3576,464
189,9039,17
190,1641,464
191,3043,139
192,2526,54
193,9940,554
194,10253,17
195,327,369
196,9873,139
197,3253,328
198,10227,138
199,9845,369
200,9858,369
201,5450,452
202,5267,369
203,8885,369
204,9820,464
205,5336,139
206,7211,17
207,5320,139
208,8873,17
209,2452,145
210,10543,464
211,3573,464
212,6725,369
213,5766,532
214,10255,17
215,10892,282
216,9694,498
217,11298,369
218,6516,139
219,7821,464
220,8774,452
221,4893,474
222,492,54
223,2892,328
224,3850,328
225,9239,369
226,655,138
227,482,532
228,6247,352
229,5712,282
230,1885,464
231,10743,17
232,3050,139
233,2849,464
234,10540,464
235,3646,464
236,9108,82
237,9528,393
238,2822,369
239,3292,217
240,5334,139
241,10791,532
242,3840,554
243,9259,369
244,3051,139
245,9855,369
246,9104,82
247,1252,498
248,10999,17
249,2918,65
250,3575,464
251,3250,328
252,11024,282
253,6257,464
254,9552,352
255,2975,532
256,8961,369
257,5821,466
258,3617,369
259,7487,369
260,5075,139
261,6260,352
262,2638,139
263,484,532
264,2296,369
265,10260,17
266,477,532
267,5973,369
268,6075,464
269,9549,352
270,2467,145
271,8916,464
272,6397,498
273,11022,282
274,3197,369
275,6255,464
276,9847,369
277,5442,369
278,783,369
279,6730,369
280,657,558
281,5448,452
282,5106,17
283,7802,551
284,7677,464
285,4656,532
286,9982,139
287,9275,369
288,3908,139
289,10031,352
290,7793,138
291,8944,464
292,3062,139
293,7290,369
294,703,139
295,6209,139
296,3288,369
297,10256,17
298,5781,498
299,606,369
300,8720,464
301,3766,17
302,3647,464
303,4424,464
304,7286,369
305,3055,139
306,7441,282
307,7794,82
308,10226,532
309,9007,296
310,2308,551
311,9941,139
312,1584,7
313,5266,369
314,9008,296
315,11108,514
316,1682,168
317,9718,464
318,10231,138
319,4437,139
320,5125,138
321,8028,514
322,8935,464
323,5074,139
324,2288,369
325,481,532
326,5009,369
327,1481,369
328,706,139
329,3761,17
330,2974,532
331,5972,82
332,973,498
333,9548,352
334,5185,464
335,3658,498
336,3113,475
337,8865,17
338,2857,369
339,3059,139
340,1634,464
341,5096,558
342,5718,282
343,9856,369
344,11111,13
345,9849,369
346,7490,369
347,8034,514
348,2733,369
349,4441,139
350,7665,464
351,5478,369
352,8995,296
353,5544,498
354,9871,139
355,478,532
356,10417,17
357,10861,369
358,3640,464
359,5986,82
360,9544,464
361,5039,498
362,5329,139
363,11193,369
364,15,139
365,635,369
366,4846,369
367,11109,514
368,1678,474
369,3579,464
370,2450,145
371,1787,345
372,2739,54
373,9254,369
374,7837,369
375,119,466
376,1478,126
377,325,369
378,8772,452
379,7798,82
380,3856,328
381,3052,139
382,8864,17
383,6508,139
384,8991,369
385,7074,369
386,9694,532
387,2468,145
388,3989,464
389,5527,139
390,2381,54
391,5333,139
392,10977,352
393,974,498
394,9844,369
395,2280,369
396,9983,139
397,5528,139
398,5011,17
399,2742,126
400,8094,514
401,7692,532
402,4854,464
403,10216,532
404,5808,369
405,11097,514
406,3465,328
407,6394,498
408,2386,54
409,5780,558
410,8960,369
411,9978,139
412,11018,282
413,2056,82
414,328,369
415,9968,139
416,9032,139
417,8762,452
418,4923,369
419,4089,138
420,10795,369
421,8718,464
422,11099,514
423,4309,464
424,6948,54
425,5526,328
426,10773,369
427,1588,7
428,10123,139
429,8766,452
430,8289,452
431,11020,282
432,4136,464
433,1196,17
434,11356,300
435,9396,464
436,4248,532
437,1510,91
438,5327,139
439,9693,532
440,6024,558
441,2860,369
442,11208,369
443,1538,551
444,8646,17
445,807,498
446,5324,139
447,5579,139
448,11098,514
449,5751,369
450,3158,514
451,6216,433
452,6514,139
453,4255,532
454,11096,514
455,9030,296
456,11206,369
457,4134,464
458,4855,464
459,89,464
460,11110,514
461,2449,145
462,6030,209
463,6457,139
464,7488,369
465,5985,369
466,4425,464
467,4312,464
468,7673,464
469,9550,352
470,9942,139
471,8752,452
472,8097,514
473,5849,54
474,5468,369
475,7288,369
476,5748,369
477,1189,17
478,6862,551
479,6032,558
480,5469,369
481,5326,139
482,5121,296
483,5325,139
484,5494,369
485,8630,139
486,1099,139
487,11194,288
488,6521,139
489,3149,474
490,6024,37
491,1188,17
492,2891,328
493,3884,126
494,8644,17
495,5581,139
496,9247,369
497,9026,369
498,5787,498
499,6959,464
500,3852,328
501,3574,464
502,2769,452
503,5485,369
504,6393,498
505,9148,369
506,3901,139
507,9243,369
508,9117,452
509,3053,139
510,7670,464
511,6442,139
512,4858,464
513,3516,498
514,5976,82
515,11092,514
516,7678,464
517,456,369
518,2367,139
519,5321,139
520,8749,452
521,2466,145
522,7258,369
523,1948,282
524,5322,139
525,1659,13
526,7062,369
527,3431,330
528,2464,82
529,10228,474
530,5515,17
531,7077,282
532,5471,369
533,7944,498
534,5103,558
535,6034,330
536,7817,464
537,7529,126
538,10234,138
539,6395,498
540,5473,369
541,10485,514
542,5786,498
543,3124,475
544,3119,475
545,10466,464
546,3854,328
547,6507,139
548,9974,139
549,7876,433
550,10215,532
551,8747,452
552,4219,369
553,7444,282
554,2382,54
555,527,464
556,2114,82
557,6520,139
558,9614,267
559,7458,369
560,10044,139
561,6505,139
562,5954,217
563,658,558
564,1895,119
565,3752,435
566,4873,328
567,10810,514
568,903,464
569,6396,498
570,11261,282
571,3841,554
572,9780,514
573,10261,17
574,4871,328
575,4930,369
576,2297,369
577,2469,138
578,8645,17
579,11091,514
580,6178,532
581,7790,82
582,9850,369
583,4662,532
584,5488,369
585,3657,498
586,4439,139
587,10770,369
588,6513,139
589,1413,475
590,1594,11
591,5112,558
592,3728,357
593,7281,369
594,3578,464
595,7443,282
596,4657,532
597,11196,288
598,5454,369
599,10147,91
600,6999,369
601,8780,452
602,9270,452
603,4938,369
604,10763,369
605,6856,82
606,1592,534
607,7000,369
608,2233,474
609,8743,452
610,8942,554
611,9534,282
612,1808,282
613,6572,369
614,7413,532
615,8218,558
616,9848,369
617,808,498
618,2059,82
619,7919,139
620,3292,399
621,3755,17
622,10762,369
623,7468,352
624,8778,452
625,4043,126
626,7446,282
627,8093,514
628,9019,17
629,4933,369
630,4091,474
631,11274,282
632,528,514
633,3254,328
634,5337,139
635,7279,369
636,5447,369
637,9025,369
638,9573,369
639,9977,139
640,11214,532
641,9397,464
642,10213,532
643,10707,369
644,1204,17
645,9255,369
646,5370,369
647,7597,369
648,8566,312
649,1981,242
650,1797,282
651,9610,369
652,3121,475
653,2980,532
654,10336,126
655,3113,474
656,4932,369
657,7495,328
658,6515,139
659,5484,369
660,2603,506
661,7008,475
662,8209,514
663,7496,328
664,6517,139
665,7343,543
666,2058,82
667,2005,45
668,1911,82
669,6392,498
670,10936,335
671,9954,139
672,707,139
673,5721,282
674,10996,17
675,9616,514
676,6524,139
677,1811,282
678,5474,369
679,8561,139
680,10746,17
681,8843,498
682,4896,474
683,10491,514
684,1852,352
685,11262,282
686,10222,532
687,7273,369
688,7600,352
689,8805,352
690,5443,369
691,7268,369
692,8765,246
693,6420,37
694,7124,328
695,4891,474
696,1788,328
697,7706,532
698,8725,464
699,7084,532
700,6523,139
701,5328,139
702,28,369
703,6441,139
704,1916,139
705,1187,17
706,3246,328
707,10317,330
708,3164,369
709,2522,464
710,9337,369
711,6031,330
712,9564,17
713,8564,369
714,2366,139
715,8758,452
716,8941,538
717,2057,82
718,1102,139
719,2633,54
720,809,498
721,4138,464
722,7614,369
723,8711,369
724,4921,369
725,10214,532
726,1637,554
727,9011,296
728,6460,139
729,1966,139
730,10850,126
731,8201,514
732,267,369
733,2383,54
734,4489,464
735,10195,532
736,11119,17
737,6027,13
738,10658,452
739,9611,369
740,5486,369
741,9852,369
742,5954,139
743,7752,514
744,9979,139
745,6150,514
746,7006,464
747,10337,126
748,5472,369
749,3432,330
750,2031,17
751,5122,296
752,9000,296
753,5546,498
754,6509,139
755,11192,369
756,7668,464
757,11245,282
758,6035,330
759,4135,464
760,5585,139
761,10807,514
762,4044,126
763,8963,369
764,3044,139
765,2601,514
766,9853,369
767,8510,17
768,9824,464
769,10441,13
770,8589,464
771,5186,464
772,6439,139
773,7152,126
774,1412,475
775,3614,17
776,5481,369
777,4422,464
778,7705,532
779,4898,474
780,7185,369
781,4310,464
782,3648,539
783,1985,352
784,6472,139
785,4025,369
786,44,514
787,10998,17
788,4488,464
789,4653,474
790,8263,475
791,9900,139
792,196,464
793,4940,369
794,8740,452
795,9976,139
796,5753,369
797,2451,369
798,9697,65
799,1889,282
800,1659,452
801,10660,452
802,8665,464
803,8745,452
804,6595,11
805,2226,551
806,774,464
807,4872,328
808,5784,498
809,2443,474
810,8899,514
811,9719,464
812,7489,369
813,4652,474
814,2472,82
815,74,554
816,10863,369
817,3111,472
818,4918,369
819,1901,328
820,5750,369
821,11104,13
822,9991,514
823,3609,369
824,8777,452
825,4819,369
826,1967,139
827,9055,498
828,41,514
829,10013,139
830,9027,17
831,5331,139
832,4890,474
833,9007,17
834,7440,282
835,1620,328
836,11201,369
837,2187,82
838,4925,369
839,1585,7
840,1807,282
841,42,514
842,8993,296
843,11145,352
844,7343,542
845,9646,345
846,3255,328
847,8759,452
848,1694,369
849,5340,139
850,10542,464
851,8954,139
852,6936,17
853,10468,11
854,2162,126
855,1632,538
856,2152,65
857,9901,464
858,9695,65
859,1207,17
860,4277,532
861,8976,532
862,9963,139
863,3433,558
864,10335,17
865,1932,335
866,122,466
867,4730,369
868,1151,19
869,9678,532
870,10825,352
871,7075,369
872,4934,369
873,9280,62
874,757,111
875,6473,139
876,8716,464
877,8095,119
878,4460,464
879,10809,514
880,10811,514
881,2406,246
882,8532,498
883,1191,17
884,8989,296
885,10971,388
886,6599,464
887,5094,558
888,11205,369
889,10101,352
890,9981,139
891,9004,296
892,5749,369
893,8380,532
894,8951,139
895,781,514
896,5332,139
897,3080,139
898,4952,466
899,9008,17
900,2197,82
901,6017,514
902,9037,17
903,7125,328
904,8927,330
905,6486,139
906,8890,514
907,2595,558
908,3986,464
909,9105,452
910,8950,139
911,6405,330
912,6506,139
913,6440,139
914,2384,54
915,6106,54
916,5475,369
917,9328,369
918,3553,352
919,450,139
920,2435,474
921,4917,369
922,5115,126
923,2086,54
924,10208,434
925,3518,82
926,10091,139
927,6427,139
928,7415,532
929,4874,328
930,10565,466
931,10701,328
932,7173,369
933,8761,452
934,10092,139
935,357,464
936,6487,139
937,10248,17
938,7618,65
939,5459,369
940,4919,369
941,8656,139
942,7251,369
943,6610,139
944,3464,328
945,11242,282
946,9256,369
947,1138,464
948,8904,514
949,1812,282
950,6042,17
951,2273,498
952,2973,532
953,2858,548
954,7883,17
955,8540,282
956,2448,474
957,6742,222
958,2765,198
959,2068,17
960,8799,464
961,2060,82
962,5454,54
963,8807,532
964,6349,139
965,10950,65
966,1253,498
967,3762,17
968,6212,139
969,4451,464
970,3753,17
971,4041,126
972,4892,474
973,3885,126
974,7269,369
975,8936,554
976,6484,139
977,1564,201
978,5476,369
979,7447,282
980,8687,498
981,2283,369
982,10464,464
983,1854,352
984,3154,82
985,2439,145
986,7276,369
987,5345,498
988,9142,54
989,10209,532
990,137,54
991,14,139
992,8866,17
993,9031,296
994,6669,352
995,1544,561
996,5098,558
997,5470,369
998,1914,328
999,7815,82
1000,3163,369
1001,1845,464
1002,10745,17
1003,10198,532
1004,2156,126
1005,6147,139
1006,2081,168
1007,3081,139
1008,9938,139
1009,6025,13
1010,6600,11
1011,1203,17
1012,5457,369
1013,10076,139
1014,2290,369
1015,1917,139
1016,8771,452
1017,4959,139
1018,9939,139
1019,6353,139
1020,2886,369
1021,11149,352
1022,6354,139
1023,6437,139
1024,9265,54
1025,6956,352
1026,8741,452
1027,3217,452
1028,7549,210
1029,5610,82
1030,8584,139
1031,6445,139
1032,7818,464
1033,10186,102
1034,3150,474
1035,6584,330
1036,7753,514
1037,9329,558
1038,11106,514
1039,4218,369
1040,8756,452
1041,6718,228
1042,1912,82
1043,7919,345
1044,6955,352
1045,2176,126
1046,3152,369
1047,2494,514
1048,610,369
1049,1135,464
1050,13,17
1051,6568,369
1052,1008,514
1053,2124,474
1054,6728,369
1055,11112,514
1056,10764,369
1057,5400,498
1058,3076,139
1059,10225,532
1060,4265,532
1061,476,532
1062,5455,369
1063,2168,514
1064,5708,282
1065,1413,474
1066,9752,452
1067,2171,126
1068,5188,464
1069,11144,475
1070,10201,532
1071,705,139
1072,5792,330
1073,10718,514
1074,4105,514
1075,9264,54
1076,2280,94
1077,6026,209
1078,5487,369
1079,5592,139
1080,10808,514
1081,8700,452
1082,5100,369
1083,6857,82
1084,7751,498
1085,342,532
1086,7809,82
1087,8679,139
1088,9488,352
1089,68,369
1090,2375,352
1091,3425,352
1092,6249,352
1093,3950,139
1094,2444,474
1095,10249,17
1096,6206,532
1097,3995,440
1098,8606,464
1099,8770,452
1100,8565,139
1101,4922,369
1102,4867,328
1103,7704,532
1104,10093,139
1105,6485,139
1106,3293,217
1107,5105,17
1108,10082,139
1109,1457,369
1110,10396,139
1111,2452,474
1112,1148,17
1113,10493,514
1114,6428,139
1115,9857,369
1116,6609,139
1117,9261,369
1118,7469,352
1119,7788,82
1120,4291,369
1121,4322,558
1122,7845,464
1123,5758,369
1124,4960,139
1125,3644,464
1126,10469,464
1127,6351,139
1128,55,464
1129,8746,514
1130,1515,91
1131,2303,65
1132,3147,474
1133,585,17
1134,2050,474
1135,6420,13
1136,9535,282
1137,2606,506
1138,3887,126
1139,11081,514
1140,9943,139
1141,6998,369
1142,1019,369
1143,2567,498
1144,7071,56
1145,3951,139
1146,2169,126
1147,3448,7
1148,1878,13
1149,5106,296
1150,483,532
1151,7849,352
1152,90,17
1153,3247,328
1154,6079,464
1155,8998,17
1156,7240,369
1157,10196,532
1158,1629,554
1159,8592,464
1160,3633,282
1161,2434,145
1162,1319,54
1163,11207,369
1164,8058,328
1165,1920,139
1166,5512,82
1167,1791,282
1168,2875,91
1169,5339,139
1170,6252,54
1171,3662,498
1172,226,328
1173,8142,139
1174,5975,82
1175,1704,139
1176,8082,475
1177,8605,464
1178,9758,464
1179,9593,54
1180,5446,369
1181,5247,82
1182,2304,17
1183,2293,369
1184,5545,498
1185,1539,139
1186,6146,139
1187,7679,464
1188,11215,532
1189,10397,139
1190,5752,369
1191,3132,474
1192,1601,502
1193,7105,532
1194,7280,369
1195,6512,139
1196,1853,352
1197,11001,17
1198,9863,558
1199,10143,91
1200,3811,369
1201,6583,54
1202,3090,138
1203,5623,82
1204,5346,464
1205,5338,139
1206,1259,126
1207,10129,42
1208,4228,65
1209,11363,17
1210,1932,576
1211,5315,17
1212,8029,514
1213,5097,558
1214,7210,17
1215,10444,13
1216,4042,126
1217,3600,532
1218,11265,282
1219,6429,139
1220,8590,464
1221,2636,139
1222,9595,14
1223,7983,475
1224,2639,139
1225,2101,352
1226,7868,474
1227,11209,369
1228,5622,82
1229,3067,139
1230,7805,82
1231,7200,502
1232,10348,54
1233,3759,17
1234,6220,369
1235,10605,452
1236,5782,498
1237,1333,468
1238,4279,532
1239,5717,282
1240,11163,369
1241,435,5
1242,10467,11
1243,5427,498
1244,4820,369
1245,8541,282
1246,10236,138
1247,1305,282
1248,9952,139
1249,7891,139
1250,7271,369
1251,522,242
1252,6404,498
1253,11080,514
1254,4096,369
1255,4575,119
1256,6,54
1257,7945,498
1258,8750,452
1259,4487,464
1260,668,464
1261,11195,288
1262,9490,54
1263,3216,452
1264,2054,514
1265,3114,474
1266,4195,369
1267,1337,138
1268,1032,91
1269,7663,514
1270,10838,217
1271,5127,558
1272,10917,444
1273,8721,464
1274,6438,139
1275,2412,352
1276,3466,352
1277,7762,353
1278,7293,369
1279,817,139
1280,7961,54
1281,5058,138
1282,7892,139
1283,7680,464
1284,594,551
1285,10350,17
1286,9483,352
1287,2080,369
1288,480,532
1289,6805,209
1290,7853,352
1291,11093,514
1292,9605,369
1293,8995,17
1294,3303,282
1295,51,139
1296,6711,328
1297,2521,54
1298,2220,464
1299,2993,163
1300,5583,139
1301,4924,369
1302,10650,17
1303,1284,282
1304,2285,369
1305,718,452
1306,10771,369
1307,5330,139
1308,969,139
1309,9947,139
1310,6306,352
1311,5483,369
1312,4328,464
1313,3419,369
1314,3420,369
1315,6943,352
1316,7012,26
1317,2876,91
1318,1258,514
1319,6446,139
1320,1383,475
1321,3611,369
1322,10806,139
1323,6399,452
1324,9339,82
1325,3357,328
1326,8667,464
1327,9880,82
1328,2436,145
1329,8990,296
1330,2115,551
1331,8509,351
1332,9594,139
1333,11025,282
1334,9870,71
1335,529,469
1336,7174,369
1337,4658,532
1338,2172,126
1339,11084,498
1340,2397,352
1341,10461,282
1342,3442,282
1343,6580,452
1344,8729,369
1345,6630,139
1346,5493,369
1347,7298,369
1348,6842,352
1349,11082,498
1350,5723,282
1351,6791,139
1352,1234,369
1353,9941,514
1354,8898,514
1355,8192,554
1356,4965,369
1357,2194,82
1358,9691,532
1359,3110,369
1360,6398,498
1361,7289,369
1362,5719,282
1363,7305,54
1364,7808,82
1365,7470,352
1366,8386,452
1367,11094,514
1368,7224,307
1369,9233,82
1370,8910,139
1371,8821,139
1372,11216,532
1373,3771,17
1374,10474,139
1375,10766,369
1376,8773,452
1377,5611,82
1378,7666,464
1379,5851,382
1380,7982,475
1381,1156,575
1382,1595,11
1383,7619,464
1384,3218,452
1385,2038,423
1386,5845,139
1387,5492,369
1388,2641,139
1389,3122,474
1390,5783,498
1391,10203,532
1392,1107,464
1393,6362,139
1394,4485,369
1395,5639,82
1396,11266,282
1397,8283,452
1398,9602,138
1399,5582,139
1400,8695,88
1401,7942,532
1402,7225,139
1403,11048,452
1404,6831,282
1405,3459,330
1406,6715,138
1407,578,143
1408,4684,17
1409,7750,498
1410,8751,452
1411,7569,369
1412,2015,45
1413,2323,228
1414,4040,126
1415,7671,464
1416,2298,369
1417,3077,139
1418,2433,145
1419,9449,514
1420,492,483
1421,7544,97
1422,7284,369
1423,131,498
1424,9565,17
1425,8358,464
1426,1013,475
1427,4140,464
1428,1798,282
1429,7602,532
1430,8817,13
1431,1546,82
1432,7180,369
1433,7789,138
1434,9284,369
1435,8002,498
1436,5910,54
1437,5568,328
1438,5926,464
1439,2010,45
1440,2970,369
1441,10210,532
1442,11083,498
1443,4459,464
1444,241,452
1445,11166,452
1446,7272,369
1447,2364,139
1448,6022,54
1449,9346,17
1450,7181,369
1451,1621,328
1452,1299,282
1453,2163,126
1454,8722,464
1455,11047,445
1456,1612,328
1457,5314,558
1458,10361,17
1459,3694,91
1460,3754,435
1461,9200,328
1462,10221,532
1463,2292,369
1464,381,464
1465,6425,13
1466,7175,369
1467,5084,475
1468,5270,532
1469,5662,17
1470,9859,369
1471,4637,54
1472,10400,139
1473,7090,532
1474,11095,514
1475,11243,282
1476,5209,228
1477,9711,475
1478,2919,352
1479,2862,369
1480,7329,369
1481,6544,139
1482,8602,464
1483,8612,464
1484,9471,369
1485,10566,17
1486,8975,464
1487,5157,474
1488,4247,532
1489,11165,452
1490,8629,139
1491,2408,54
1492,10662,452
1493,6581,452
1494,730,282
1495,6250,464
1496,5335,139
1497,2719,452
1498,9721,139
1499,10083,139
1500,9009,296
1501,1996,495
1502,1838,139
1503,2725,369
1504,6587,330
1505,8760,452
1506,6364,139
1507,7406,532
1508,9650,514
1509,3187,23
1510,6210,139
1511,7813,82
1512,6480,139
1513,4616,54
1514,2127,91
1515,8911,139
1516,7717,330
1517,2404,54
1518,2207,532
1519,8965,369
1520,6339,352
1521,6481,139
1522,2270,464
1523,4256,532
1524,1089,498
1525,10657,452
1526,1340,138
1527,9279,369
1528,6643,139
1529,8806,352
1530,2877,91
1531,11034,464
1532,2184,126
1533,7851,464
1534,4144,139
1535,6489,139
1536,6033,330
1537,245,452
1538,3281,139
1539,4638,208
1540,1861,514
1541,2125,91
1542,8574,111
1543,6459,139
1544,8657,474
1545,5693,139
1546,11053,327
1547,4169,538
1548,6607,13
1549,2240,17
1550,2312,498
1551,2070,554
1552,6308,352
1553,10677,452
1554,8269,408
1555,10761,464
1556,366,82
1557,1605,242
1558,8723,464
1559,8648,17
1560,1969,54
1561,1818,532
1562,149,228
1563,382,464
1564,9415,352
1565,2008,45
1566,10494,514
1567,6400,452
1568,2421,352
1569,1877,13
1570,4245,532
1571,3249,328
1572,5998,464
1573,7259,369
1574,3745,558
1575,6145,139
1576,2182,126
1577,9456,352
1578,536,13
1579,2158,126
1580,5643,551
1581,6316,369
1582,1799,282
1583,1035,65
1584,2864,369
1585,946,228
1586,4481,13
1587,7492,457
1588,4937,369
1589,11318,17
1590,10199,532
1591,6078,464
1592,10933,464
1593,2644,139
1594,6154,514
1595,10080,139
1596,7703,532
1597,2743,126
1598,6500,139
1599,943,228
1600,9096,551
1601,1087,139
1602,6317,521
1603,11334,532
1604,7107,532
1605,9462,352
1606,3155,82
1607,9878,139
1608,123,54
1609,3907,139
1610,7309,217
1611,719,369
1612,3580,464
1613,6714,506
1614,1339,138
1615,3765,17
1616,6896,452
1617,5997,506
1618,2126,91
1619,7702,532
1620,6545,139
1621,3231,143
1622,1028,82
1623,1900,506
1624,39,82
1625,2823,369
1626,6548,369
1627,3418,369
1628,4592,446
1629,3970,532
1630,10893,282
1631,7890,139
1632,6596,464
1633,4857,466
1634,6444,139
1635,2602,506
1636,11348,514
1637,7943,532
1638,1918,139
1639,10838,514
1640,7563,532
1641,4461,464
1642,7156,82
1643,6590,328
1644,5198,139
1645,10220,532
1646,124,352
1647,6479,139
1648,604,17
1649,1263,514
1650,6804,209
1651,2843,464
1652,8207,558
1653,5785,498
1654,9661,464
1655,8360,452
1656,2991,163
1657,11142,369
1658,5479,369
1659,9604,369
1660,4895,474
1661,8820,532
1662,2530,532
1663,8693,7
1664,7448,282
1665,1061,139
1666,9491,352
1667,3123,474
1668,1890,514
1669,6391,498
1670,3162,369
1671,1480,126
1672,6632,139
1673,7981,475
1674,2295,54
1675,5590,139
1676,1846,464
1677,4448,464
1678,7234,464
1679,1793,282
1680,5968,514
1681,2454,474
1682,3446,464
1683,8977,228
1684,5245,82
1685,6629,139
1686,2446,474
1687,6205,532
1688,5638,82
1689,8469,464
1690,10030,352
1691,7182,369
1692,6307,352
1693,5109,558
1694,10967,408
1695,756,280
1696,10870,464
1697,4810,139
1698,11272,282
1699,6482,139
1700,3760,17
1701,2819,498
1702,451,139
1703,10263,17
1704,5095,558
1705,10865,369
1706,4853,464
1707,10005,474
1708,1511,91
1709,8962,369
1710,5796,209
1711,1297,282
1712,5489,369
1713,2033,514
1714,8083,475
1715,6477,139
1716,5870,464
1717,9861,369
1718,1088,498
1719,7136,452
1720,4137,464
1721,5859,464
1722,6631,139
1723,6875,91
1724,6673,498
1725,1134,464
1726,758,351
1727,2642,139
1728,10847,464
1729,8769,452
1730,1078,182
1731,1636,514
1732,8864,399
1733,5612,82
1734,1289,282
1735,9528,539
1736,5860,464
1737,1053,532
1738,4292,288
1739,7300,352
1740,8701,532
1741,9528,282
1742,10273,517
1743,914,328
1744,6478,139
1745,6642,139
1746,8900,514
1747,10935,17
1748,8835,13
1749,600,369
1750,2166,369
1751,1705,139
1752,2612,506
1753,5865,464
1754,8768,452
1755,9050,143
1756,10141,464
1757,5244,328
1758,5868,464
1759,299,65
1760,9112,17
1761,541,532
1762,3924,303
1763,10194,532
1764,4962,139
1765,10183,191
1766,1512,91
1767,3545,217
1768,6151,514
1769,5822,341
1770,5516,17
1771,9263,228
1772,10090,139
1773,5826,45
1774,5874,464
1775,8717,464
1776,1104,139
1777,1133,464
1778,10826,54
1779,2037,423
1780,10318,330
1781,65,11
1782,4142,464
1783,7822,464
1784,10085,139
1785,8867,17
1786,8125,452
1787,3054,139
1788,3256,369
1789,5187,464
1790,3910,139
1791,9652,514
1792,1209,532
1793,4856,464
1794,888,539
1795,1293,282
1796,8757,452
1797,10078,139
1798,1458,369
1799,9786,464
1800,3172,369
1801,7256,369
1802,1715,532
1803,120,464
1804,2874,91
1805,6582,452
1806,2645,139
1807,2232,474
1808,5961,532
1809,10860,369
1810,4904,139
1811,5871,464
1812,8594,464
1813,8291,475
1814,5617,82
1815,7059,406
1816,3515,54
1817,7920,345
1818,7810,82
1819,6401,498
1820,1137,464
1821,2726,369
1822,9023,106
1823,5706,282
1824,1590,7
1825,9553,352
1826,2772,198
1827,7137,452
1828,1676,328
1829,8845,500
1830,3503,105
1831,2014,45
1832,3602,532
1833,7755,514
1834,10202,532
1835,6525,246
1836,4894,474
1837,7168,514
1838,6594,464
1839,744,452
1840,9754,452
1841,10258,17
1842,6628,139
1843,1132,464
1844,3078,139
1845,10946,126
1846,1564,449
1847,10398,139
1848,10598,102
1849,5131,464
1850,10779,506
1851,2727,424
1852,9484,352
1853,8591,464
1854,6006,339
1855,10232,138
1856,1862,514
1857,3515,464
1858,10036,474
1859,7946,428
1860,3230,143
1861,5318,139
1862,5878,464
1863,2387,54
1864,9862,369
1865,2605,506
1866,6716,533
1867,439,5
1868,6518,139
1869,5323,139
1870,6403,498
1871,9095,551
1872,858,532
1873,1290,282
1874,3906,139
1875,7646,209
1876,1101,139
1877,6593,464
1878,1098,13
1879,4939,369
1880,9103,551
1881,4740,282
1882,10049,474
1883,3610,369
1884,10084,139
1885,2061,82
1886,5869,464
1887,11143,369
1888,7091,532
1889,533,13
1890,3947,440
1891,3097,475
1892,9110,82
1893,7936,514
1894,2564,498
1895,790,143
1896,976,498
1897,7950,464
1898,2756,452
1899,5759,369
1900,10103,352
1901,7567,54
1902,121,464
1903,2600,514
1904,679,532
1905,5202,126
1906,3066,139
1907,1062,328
1908,1789,328
1909,11239,282
1910,9716,539
1911,5630,82
1912,8666,464
1913,9913,532
1914,8530,498
1915,4206,448
1916,9637,17
1917,2419,352
1918,5604,464
1919,1277,251
1920,1949,228
1921,10262,17
1922,9005,296
1923,2241,17
1924,9109,82
1925,1477,369
1926,4848,369
1927,308,328
1928,1730,350
1929,5606,464
1930,2247,82
1931,9473,352
1932,7934,514
1933,3952,139
1934,9090,330
1935,4273,532
1936,8434,56
1937,8616,464
1938,10465,464
1939,2228,126
1940,7718,330
1941,4703,87
1942,7021,464
1943,9458,352
1944,9209,228
1945,6350,139
1946,2640,139
1947,9846,369
1948,4527,282
1949,3757,17
1950,10608,145
1951,3123,539
1952,446,5
1953,5608,82
1954,2655,369
1955,7491,288
1956,9896,54
1957,11014,282
1958,3144,474
1959,5343,452
1960,10850,138
1961,11164,452
1962,9001,296
1963,110,532
1964,6051,139
1965,4093,138
1966,3100,473
1967,247,452
1968,11362,17
1969,8742,452
1970,3615,17
1971,255,514
1972,9318,62
1973,5452,369
1974,9457,352
1975,1230,369
1976,9726,139
1977,233,3
1978,2385,54
1979,10018,59
1980,3120,474
1981,3932,532
1982,5939,227
1983,4353,464
1984,6056,498
1985,9003,296
1986,5613,82
1987,8973,474
1988,1800,282
1989,416,532
1990,2439,474
1991,3511,452
1992,1897,119
1993,2492,514
1994,5406,369
1995,10265,328
1996,6474,139
1997,3061,139
1998,7076,369
1999,7297,369
2000,7485,369
2001,10223,532
2002,11179,54
2003,5165,328
2004,8257,554
2005,5754,369
2006,9627,551
2007,2302,246
2008,1136,464
2009,7565,532
2010,6191,514
2011,10817,377
2012,5514,82
2013,3577,464
2014,690,139
2015,9613,369
2016,7450,282
2017,11060,514
2018,8988,296
2019,10492,514
2020,6402,498
2021,10291,87
2022,4617,54
2023,608,328
2024,6454,464
2025,3905,139
2026,7063,328
2027,3394,54
2028,313,139
2029,1173,251
2030,199,319
2031,3279,464
2032,5503,139
2033,986,17
2034,6519,139
2035,2418,352
2036,1708,54
2037,1569,514
2038,2465,145
2039,8994,514
2040,6165,375
2041,10470,464
2042,1565,449
2043,5548,82
2044,7261,369
2045,2287,369
2046,264,13
2047,10553,54
2048,1162,19
2049,3237,423
2050,7685,532
2051,5694,296
2052,6110,201
2053,9098,551
2054,4376,282
2055,8810,352
2056,9272,452
2057,7449,282
2058,2495,514
2059,9867,139
2060,3111,475
2061,9436,352
2062,5627,82
2063,9401,464
2064,1960,66
2065,4724,138
2066,118,82
2067,9622,126
2068,5511,82
2069,10416,17
2070,5091,13
2071,5957,139
2072,3485,464
2073,3934,440
2074,3118,475
2075,10298,452
2076,7660,328
2077,8851,126
2078,5644,82
2079,9515,466
2080,10440,523
2081,8374,17
2082,8159,209
2083,11335,282
2084,9101,551
2085,1496,282
2086,9481,54
2087,11122,17
2088,5316,17
2089,8887,126
2090,1227,82
2091,6143,139
2092,977,498
2093,126,352
2094,4632,369
2095,4449,464
2096,7823,452
2097,1097,13
2098,6039,330
2099,5444,369
2100,11244,282
2101,921,17
2102,6254,54
2103,10089,139
2104,4302,17
2105,4490,464
2106,6310,352
2107,10558,54
2108,7198,126
2109,7068,56
2110,9388,369
2111,3930,440
2112,8974,474
2113,3073,139
2114,2410,352
2115,1451,369
2116,4936,369
2117,1681,168
2118,7392,369
2119,6806,54
2120,760,54
2121,6621,139
2122,4213,17
2123,4664,369
2124,3332,514
2125,4751,352
2126,767,54
2127,7667,464
2128,8376,91
2129,4263,532
2130,9149,369
2131,11139,498
2132,8995,532
2133,10525,17
2134,3564,539
2135,8226,352
2136,406,209
2137,6430,139
2138,10079,139
2139,9596,54
2140,4997,452
2141,5402,470
2142,11126,17
2143,9591,7
2144,4462,464
2145,4725,54
2146,4438,17
2147,8628,139
2148,9269,54
2149,5862,464
2150,5907,352
2151,1311,119
2152,3026,138
2153,1703,139
2154,2447,474
2155,5866,464
2156,2432,474
2157,10661,452
2158,10281,498
2159,7812,138
2160,2609,506
2161,9342,263
2162,7073,372
2163,3589,54
2164,4480,13
2165,1570,328
2166,8543,282
2167,3136,474
2168,11264,282
2169,5118,558
2170,5863,464
2171,8203,514
2172,7372,514
2173,7838,369
2174,5116,287
2175,842,369
2176,9413,425
2177,10772,369
2178,3219,452
2179,669,464
2180,4478,217
2181,10472,469
2182,2306,17
2183,6475,139
2184,6431,139
2185,7675,464
2186,52,139
2187,5213,452
2188,6622,139
2189,4318,474
2190,9210,228
2191,1542,551
2192,9945,139
2193,9022,17
2194,4845,464
2195,5051,17
2196,2859,300
2197,8882,54
2198,6488,139
2199,4421,328
2200,10360,17
2201,7412,532
2202,1387,475
2203,145,369
2204,3888,126
2205,11002,514
2206,362,464
2207,4238,7
2208,966,464
2209,6483,139
2210,5344,237
2211,5916,352
2212,10114,138
2213,6049,532
2214,5861,464
2215,1460,369
2216,3166,369
2217,2192,126
2218,4879,515
2219,5724,282
2220,8518,17
2221,6052,139
2222,3846,328
2223,6036,330
2224,6155,514
2225,5482,369
2226,5432,352
2227,4402,352
2228,6614,464
2229,9985,464
2230,6843,352
2231,6522,139
2232,6727,369
2233,6156,514
2234,9821,474
2235,3325,126
2236,9980,139
2237,595,251
2238,4927,369
2239,9021,296
2240,9822,369
2241,4364,452
2242,2164,126
2243,6029,209
2244,6314,521
2245,7414,532
2246,4139,464
2247,5747,119
2248,3258,369
2249,8692,7
2250,1108,475
2251,9162,282
2252,1262,514
2253,4035,208
2254,7758,532
2255,10328,464
2256,5526,139
2257,8,54
2258,1614,171
2259,5793,330
2260,20,369
2261,10563,330
2262,3104,474
2263,7829,17
2264,5212,558
2265,9687,498
2266,9115,139
2267,1479,126
2268,1578,282
2269,3079,139
2270,9651,514
2271,11288,442
2272,8863,464
2273,9024,17
2274,418,323
2275,9426,352
2276,10681,452
2277,7856,539
2278,10871,464
2279,9181,532
2280,10456,532
2281,1623,7
2282,1540,139
2283,9700,514
2284,7058,532
2285,155,309
2286,7159,82
2287,6623,139
2288,9962,139
2289,11291,235
2290,7455,498
2291,8379,532
2292,10259,17
2293,5873,464
2294,6302,54
2295,10088,139
2296,1869,139
2297,6499,139
2298,10065,54
2299,6620,139
2300,4570,282
2301,7562,352
2302,2442,145
2303,9093,300
2304,9099,82
2305,5083,464
2306,6281,452
2307,3193,533
2308,10768,369
2309,10081,139
2310,4816,17
2311,6569,369
2312,8521,502
2313,9163,282
2314,3583,352
2315,2202,126
2316,10531,464
2317,1054,532
2318,9423,352
2319,2880,91
2320,8194,328
2321,337,42
2322,7617,474
2323,2861,369
2324,11202,369
2325,10569,514
2326,5988,532
2327,7723,443
2328,1266,514
2329,10990,145
2330,5867,465
2331,146,369
2332,3170,369
2333,2484,474
2334,8608,464
2335,5017,17
2336,1334,468
2337,3904,139
2338,8611,464
2339,5521,13
2340,2175,126
2341,1903,506
2342,8971,474
2343,9299,62
2344,9656,532
2345,5564,352
2346,8308,82
2347,7033,514
2348,1631,554
2349,8939,554
2350,1638,554
2351,1644,554
2352,3616,139
2353,7698,532
2354,5113,558
2355,11131,17
2356,9143,514
2357,6426,139
2358,7695,532
2359,6676,351
2360,6861,82
2361,6689,474
2362,9916,126
2363,8285,452
2364,8893,351
2365,3675,464
2366,4981,282
2367,10846,464
2368,10948,17
2369,4457,464
2370,5101,558
2371,9051,464
2372,1695,369
2373,10020,17
2374,2282,369
2375,6822,82
2376,5132,17
2377,2942,532
2378,7759,532
2379,11120,17
2380,6696,464
2381,8610,464
2382,2878,91
2383,4626,514
2384,10254,17
2385,6345,139
2386,2259,532
2387,9432,352
2388,89,17
2389,9216,282
2390,322,17
2391,1559,452
2392,1149,17
2393,5923,352
2394,358,464
2395,5757,369
2396,11118,537
2397,9961,139
2398,681,532
2399,2440,474
2400,8739,452
2401,8432,506
2402,3058,139
2403,8433,193
2404,3129,472
2405,10832,65
2406,6214,139
2407,1128,17
2408,6754,506
2409,10655,452
2410,10247,17
2411,11105,13
2412,10627,452
2413,10872,532
2414,6448,464
2415,8073,119
2416,716,54
2417,9447,514
2418,10782,533
2419,941,126
2420,10646,82
2421,743,139
2422,3049,139
2423,2185,138
2424,10936,17
2425,9122,408
2426,3844,563
2427,2409,352
2428,641,45
2429,11153,138
2430,5496,369
2431,6953,352
2432,3087,452
2433,580,475
2434,10293,352
2435,2445,474
2436,6608,13
2437,9319,62
2438,3240,464
2439,6125,440
2440,8613,464
2441,6626,139
2442,6591,328
2443,8143,506
2444,2615,506
2445,2174,126
2446,45,514
2447,7909,502
2448,2316,201
2449,6562,498
2450,1586,7
2451,9619,300
2452,10102,352
2453,1164,17
2454,3445,369
2455,6567,369
2456,8669,139
2457,11170,452
2458,5195,139
2459,3841,139
2460,2568,209
2461,6950,352
2462,4423,464
2463,5403,65
2464,8571,139
2465,5405,470
2466,7111,532
2467,3115,369
2468,10229,138
2469,2388,54
2470,3763,17
2471,2183,126
2472,8871,17
2473,3421,369
2474,5196,139
2475,6331,54
2476,3088,532
2477,6570,369
2478,4141,464
2479,6010,300
2480,10796,369
2481,576,138
2482,5948,82
2483,9730,452
2484,7154,126
2485,10769,369
2486,232,139
2487,5126,558
2488,9161,282
2489,8258,464
2490,7700,532
2491,4472,514
2492,7542,97
2493,5769,369
2494,4340,282
2495,6356,246
2496,2173,126
2497,3307,352
2498,731,282
2499,7123,328
2500,11140,139
2501,8220,558
2502,3313,475
2503,4868,328
2504,468,532
2505,9710,464
2506,1758,62
2507,7291,369
2508,4151,514
2509,1759,62
2510,4478,514
2511,4524,282
2512,1743,139
2513,4446,464
2514,3153,474
2515,4723,474
2516,6588,330
2517,10299,452
2518,4525,282
2519,11167,452
2520,1094,309
2521,6330,532
2522,50,139
2523,8689,94
2524,8861,7
2525,3546,498
2526,2840,13
2527,7036,7
2528,1909,328
2529,9470,352
2530,9485,352
2531,8549,282
2532,8632,139
2533,3434,558
2534,630,464
2535,5248,532
2536,5618,82
2537,3099,474
2538,3939,532
2539,565,54
2540,4928,369
2541,2305,65
2542,5646,82
2543,10280,498
2544,8889,514
2545,9675,452
2546,10161,282
2547,2068,139
2548,1159,17
2549,6625,139
2550,7567,399
2551,7981,474
2552,9872,139
2553,3944,440
2554,10401,139
2555,9840,554
2556,9967,139
2557,4870,328
2558,10206,532
2559,8126,5
2560,9587,54
2561,10363,17
2562,3946,353
2563,3072,139
2564,10979,139
2565,4336,282
2566,10560,246
2567,2102,352
2568,9467,352
2569,11146,464
2570,3506,74
2571,8512,17
2572,5636,82
2573,4608,352
2574,7098,532
2575,1579,282
2576,1343,514
2577,2390,352
2578,7158,82
2579,3169,369
2580,2145,372
2581,848,420
2582,9557,17
2583,5864,464
2584,6340,352
2585,6616,139
2586,7993,369
2587,7658,17
2588,7009,475
2589,7676,464
2590,8413,56
2591,10045,139
2592,831,330
2593,531,469
2594,2976,532
2595,5912,352
2596,8937,554
2597,2736,352
2598,773,464
2599,10753,514
2600,6743,440
2601,7106,532
2602,6333,352
2603,1972,525
2604,59,469
2605,9891,369
2606,6411,209
2607,4572,300
2608,3678,7
2609,900,328
2610,2608,506
2611,2313,498
2612,4450,464
2613,3070,139
2614,11071,17
2615,9208,228
2616,8846,498
2617,8229,352
2618,1004,514
2619,7636,328
2620,7804,82
2621,925,514
2622,11157,532
2623,6624,139
2624,1029,82
2625,6808,474
2626,2294,369
2627,9777,538
2628,6107,575
2629,407,139
2630,6656,330
2631,1452,369
2632,6497,139
2633,6019,464
2634,3909,139
2635,11271,282
2636,1150,17
2637,4156,369
2638,4961,139
2639,700,139
2640,263,13
2641,566,246
2642,6360,139
2643,10264,17
2644,11089,514
2645,5641,285
2646,5428,498
2647,3335,474
2648,3116,474
2649,3323,514
2650,5168,328
2651,3865,369
2652,651,139
2653,10703,514
2654,2358,554
2655,621,538
2656,11259,282
2657,886,328
2658,398,236
2659,2770,452
2660,3010,496
2661,1314,532
2662,2540,369
2663,7089,532
2664,8802,464
2665,3360,126
2666,8732,91
2667,8045,440
2668,5989,17
2669,7655,17
2670,6148,514
2671,7532,514
2672,3581,464
2673,6157,514
2674,5284,269
2675,6455,330
2676,11319,17
2677,8801,138
2678,5713,282
2679,8668,466
2680,9723,139
2681,1886,452
2682,3902,139
2683,10086,139
2684,11107,514
2685,8447,62
2686,4631,369
2687,5090,514
2688,9628,17
2689,8575,111
2690,75,121
2691,3091,138
2692,8109,452
2693,11191,288
2694,2837,464
2695,664,532
2696,10550,464
2697,9511,82
2698,10125,532
2699,2865,554
2700,8259,464
2701,2006,147
2702,623,17
2703,1690,119
2704,5651,82
2705,1574,5
2706,9639,17
2707,8235,352
2708,9297,62
2709,8712,452
2710,10107,352
2711,9298,62
2712,8044,568
2713,9180,532
2714,2628,506
2715,6025,464
2716,4426,464
2717,5746,514
2718,405,514
2719,297,91
2720,10274,327
2721,2399,54
2722,8614,464
2723,6433,139
2724,3478,475
2725,5594,243
2726,2821,369
2727,9402,492
2728,1801,282
2729,1640,554
2730,10473,539
2731,3317,474
2732,9701,514
2733,4290,369
2734,6724,288
2735,7811,82
2736,8949,352
2737,2027,111
2738,132,101
2739,3458,330
2740,3047,139
2741,4827,352
2742,9471,352
2743,1112,464
2744,3167,369
2745,2429,145
2746,5136,532
2747,6961,41
2748,10606,452
2749,8042,440
2750,9589,558
2751,1010,514
2752,4164,17
2753,3687,17
2754,3998,143
2755,8964,369
2756,11021,282
2757,2768,452
2758,4293,369
2759,6927,17
2760,5534,17
2761,5124,558
2762,7329,399
2763,5360,282
2764,9749,554
2765,10741,464
2766,9472,352
2767,9779,554
2768,8107,452
2769,4494,443
2770,10104,352
2771,1467,45
2772,6496,139
2773,4454,464
2774,2471,372
2775,9413,474
2776,5078,138
2777,8894,351
2778,6501,139
2779,12,139
2780,1567,449
2781,48,452
2782,6223,452
2783,8562,139
2784,5885,330
2785,3504,138
2786,6348,139
2787,888,330
2788,4453,464
2789,8344,558
2790,10689,228
2791,7973,506
2792,10894,506
2793,8598,464
2794,4920,369
2795,5584,139
2796,10475,139
2797,9870,538
2798,6385,464
2799,10812,7
2800,231,126
2801,5190,139
2802,3314,475
2803,2866,558
2804,402,335
2805,6854,498
2806,4625,514
2807,10021,498
2808,659,558
2809,4403,352
2810,3547,498
2811,7165,369
2812,8548,282
2813,10803,369
2814,6963,41
2815,7828,17
2816,5491,369
2817,8251,452
2818,9737,282
2819,3718,532
2820,8852,126
2821,1462,532
2822,6288,369
2823,3101,472
2824,9398,464
2825,5711,282
2826,10816,139
2827,10801,184
2828,1888,468
2829,5614,82
2830,5851,246
2831,3106,474
2832,7875,82
2833,1261,126
2834,9381,139
2835,4395,452
2836,10233,138
2837,3278,139
2838,9623,126
2839,5050,464
2840,9918,514
2841,3316,475
2842,4803,369
2843,8953,139
2844,7115,532
2845,6828,464
2846,9953,139
2847,6583,452
2848,4463,464
2849,10798,138
2850,6949,464
2851,9626,474
2852,7408,532
2853,4344,282
2854,19,532
2855,4166,329
2856,9038,17
2857,8811,352
2858,9926,139
2859,5231,474
2860,4435,369
2861,4529,282
2862,9194,514
2863,10685,251
2864,8275,452
2865,3168,369
2866,2599,506
2867,8896,514
2868,8033,514
2869,11070,369
2870,4338,282
2871,5396,498
2872,6016,17
2873,8891,514
2874,1761,62
2875,2206,514
2876,125,352
2877,7598,532
2878,2144,474
2879,9599,54
2880,7167,369
2881,3112,474
2882,6617,139
2883,7574,328
2884,10967,102
2885,9653,498
2886,7996,139
2887,2795,443
2888,2402,54
2889,7028,514
2890,8544,282
2891,7884,17
2892,1220,82
2893,5956,246
2894,4033,208
2895,6654,464
2896,9632,514
2897,6619,139
2898,5217,558
2899,5788,54
2900,515,372
2901,2403,54
2902,542,514
2903,919,514
2904,9887,538
2905,4092,138
2906,1391,17
2907,138,17
2908,1643,554
2909,554,7
2910,964,139
2911,10043,474
2912,880,372
2913,1805,282
2914,9018,17
2915,9414,369
2916,3245,369
2917,9303,62
2918,6458,139
2919,638,262
2920,1905,506
2921,8005,45
2922,9010,296
2923,5398,498
2924,5971,82
2925,2518,17
2926,8883,514
2927,9226,352
2928,2627,352
2929,8516,17
2930,7699,532
2931,9316,352
2932,7333,464
2933,2962,17
2934,5687,246
2935,7737,54
2936,6679,514
2937,7625,54
2938,3456,32
2939,7847,352
2940,1260,514
2941,7814,82
2942,9266,452
2943,6077,464
2944,4219,17
2945,9882,54
2946,11102,514
2947,8764,452
2948,10515,448
2949,3670,474
2950,5897,352
2951,5453,369
2952,7250,369
2953,3063,139
2954,584,17
2955,4400,452
2956,559,54
2957,10932,464
2958,624,538
2959,2744,126
2960,9430,352
2961,269,54
2962,6841,54
2963,3223,452
2964,8694,88
2965,8929,330
2966,2879,91
2967,643,567
2968,2082,168
2969,4429,532
2970,466,532
2971,5945,228
2972,9062,369
2973,9466,352
2974,8566,514
2975,8196,328
2976,1919,139
2977,8215,532
2978,5715,282
2979,1381,369
2980,5317,17
2981,135,352
2982,5458,369
2983,6519,575
2984,11246,282
2985,5811,54
2986,9842,282
2987,11212,328
2988,1851,111
2989,4478,54
2990,2034,514
2991,2672,13
2992,7187,492
2993,11079,17
2994,11000,18
2995,7927,345
2996,6823,82
2997,8266,296
2998,266,13
2999,3925,391
3000,1012,514
3001,3927,440
3002,10651,17
3003,3220,452
3004,10046,139
3005,8647,17
3006,10704,328
3007,6675,498
3008,3203,369
3009,6615,11
3010,5787,430
3011,2620,506
3012,3103,474
3013,3652,17
3014,3233,566
3015,8569,139
3016,10993,236
3017,2708,532
3018,2971,464
3019,2338,17
3020,239,13
3021,1020,369
3022,11127,17
3023,9722,139
3024,3862,532
3025,2365,139
3026,9281,97
3027,1295,282
3028,6311,352
3029,1931,17
3030,10924,423
3031,4221,464
3032,8547,282
3033,2427,474
3034,10637,143
3035,7104,532
3036,1991,369
3037,10609,474
3038,4146,514
3039,8363,328
3040,10679,452
3041,10748,514
3042,1663,452
3043,1443,288
3044,5041,330
3045,951,369
3046,539,517
3047,7580,282
3048,5943,227
3049,2307,330
3050,970,139
3051,9958,139
3052,1902,506
3053,1546,17
3054,7866,452
3055,6407,330
3056,6111,91
3057,8870,17
3058,5399,498
3059,9262,228
3060,11023,282
3061,9964,139
3062,2349,91
3063,7199,126
3064,11008,17
3065,4294,288
3066,6641,139
3067,10820,377
3068,4985,532
3069,5637,82
3070,1646,236
3071,3591,54
3072,1815,369
3073,5730,282
3074,4260,532
3075,5535,17
3076,5727,282
3077,4359,514
3078,1456,369
3079,2391,246
3080,1615,187
3081,7710,532
3082,2867,558
3083,2203,126
3084,8057,555
3085,9400,464
3086,9205,352
3087,4811,514
3088,1648,352
3089,9137,17
3090,458,369
3091,530,464
3092,8593,464
3093,1051,532
3094,10717,282
3095,10354,17
3096,2398,54
3097,8202,514
3098,4183,330
3099,1049,532
3100,296,514
3101,5451,369
3102,6650,464
3103,10678,452
3104,3689,54
3105,9881,464
3106,4464,464
3107,8030,514
3108,2993,280
3109,882,452
3110,629,514
3111,5934,228
3112,9012,17
3113,8205,558
3114,9387,352
3115,910,551
3116,1973,378
3117,1100,139
3118,10653,532
3119,8831,495
3120,9,54
3121,6045,369
3122,4187,506
3123,7551,369
3124,10278,328
3125,2161,126
3126,7754,514
3127,1826,464
3128,7070,372
3129,9481,352
3130,2630,533
3131,47,514
3132,9463,352
3133,617,17
3134,4551,282
3135,10018,508
3136,4532,282
3137,4389,150
3138,9894,300
3139,7132,246
3140,6043,17
3141,9912,61
3142,7820,464
3143,1910,533
3144,996,532
3145,6601,139
3146,4744,282
3147,5397,498
3148,2729,17
3149,3513,17
3150,6495,11
3151,406,330
3152,11029,352
3153,6633,139
3154,10127,330
3155,8997,17
3156,10066,296
3157,7155,54
3158,8872,17
3159,6175,532
3160,7226,139
3161,7922,345
3162,365,17
3163,10359,17
3164,11240,282
3165,3565,352
3166,8147,369
3167,11017,282
3168,6844,352
3169,8862,514
3170,3009,496
3171,7278,369
3172,2784,54
3173,1813,282
3174,742,17
3175,9551,246
3176,8430,506
3177,7066,56
3178,10652,452
3179,5891,352
3180,8615,464
3181,8724,464
3182,3102,472
3183,8156,506
3184,6649,464
3185,11101,514
3186,1060,7
3187,11061,514
3188,1970,54
3189,11087,514
3190,2431,474
3191,10723,138
3192,10623,282
3193,5490,369
3194,1317,139
3195,4471,515
3196,8208,514
3197,5456,369
3198,4739,282
3199,2134,7
3200,11238,282
3201,5401,470
3202,4456,464
3203,9530,282
3204,10319,558
3205,10004,554
3206,10620,17
3207,3211,352
3208,10356,17
3209,10014,139
3210,8842,139
3211,9725,139
3212,11033,352
3213,751,111
3214,1992,369
3215,4300,168
3216,1385,475
3217,6712,506
3218,1379,532
3219,2939,532
3220,6199,532
3221,3788,352
3222,6107,352
3223,899,105
3224,9211,228
3225,952,228
3226,2563,209
3227,8586,369
3228,4630,279
3229,6376,7
3230,9310,62
3231,436,5
3232,7118,532
3233,7527,17
3234,11230,282
3235,4559,282
3236,3699,464
3237,6319,521
3238,628,514
3239,10767,369
3240,9433,352
3241,1960,308
3242,695,300
3243,2779,369
3244,7374,514
3245,6334,54
3246,8604,464
3247,6538,452
3248,5920,352
3249,10242,282
3250,6586,330
3251,4670,532
3252,2400,54
3253,5531,369
3254,7774,308
3255,1455,369
3256,273,452
3257,9609,510
3258,2310,498
3259,7404,464
3260,8844,498
3261,3202,514
3262,9670,126
3263,10382,532
3264,6698,452
3265,7921,216
3266,6420,139
3267,804,139
3268,5872,464
3269,10113,138
3270,631,17
3271,4350,352
3272,8043,440
3273,9911,61
3274,5652,82
3275,10955,145
3276,519,372
3277,9704,351
3278,4175,251
3279,1534,139
3280,10929,330
3281,5847,369
3282,7087,532
3283,1304,282
3284,2851,464
3285,2807,468
3286,1591,464
3287,87,87
3288,5922,352
3289,11336,282
3290,1964,139
3291,9477,532
3292,1884,474
3293,5777,328
3294,6358,139
3295,10406,126
3296,1202,17
3297,9986,532
3298,6655,11
3299,8278,452
3300,4627,514
3301,6323,111
3302,6539,452
3303,1757,62
3304,10610,474
3305,9841,554
3306,5620,82
3307,54,138
3308,6637,498
3309,2258,464
3310,10037,464
3311,9343,352
3312,7661,423
3313,4107,440
3314,2935,369
3315,11251,282
3316,1521,423
3317,265,13
3318,792,201
3319,7621,210
3320,4126,532
3321,8908,514
3322,3668,152
3323,11237,282
3324,4147,514
3325,544,514
3326,9350,54
3327,6700,452
3328,293,575
3329,9006,532
3330,5504,514
3331,4512,529
3332,383,464
3333,8735,507
3334,5913,352
3335,4531,282
3336,3512,82
3337,9633,514
3338,8054,330
3339,2356,369
3340,4555,282
3341,447,5
3342,3684,345
3343,10951,65
3344,1802,282
3345,9225,352
3346,9705,351
3347,1163,17
3348,9422,352
3349,4636,279
3350,9147,532
3351,1560,452
3352,5645,82
3353,5990,17
3354,904,538
3355,5008,452
3356,1294,282
3357,10207,532
3358,3940,440
3359,4343,282
3360,4579,514
3361,11287,369
3362,2340,514
3363,326,369
3364,3192,352
3365,11085,514
3366,5230,139
3367,3225,452
3368,5631,82
3369,11123,82
3370,4039,346
3371,1306,282
3372,9994,330
3373,1740,452
3374,4752,352
3375,9002,296
3376,10111,554
3377,11337,282
3378,526,450
3379,4447,464
3380,2066,61
3381,6598,464
3382,8204,532
3383,1833,372
3384,8284,452
3385,7572,17
3386,10839,217
3387,10211,532
3388,5914,352
3389,1593,464
3390,3713,498
3391,11013,282
3392,5529,139
3393,4444,514
3394,4379,474
3395,1303,282
3396,852,420
3397,11129,17
3398,57,558
3399,2635,452
3400,6685,514
3401,8627,532
3402,8913,139
3403,6359,407
3404,5958,228
3405,8874,17
3406,936,464
3407,8901,514
3408,2966,514
3409,2086,352
3410,6814,369
3411,9352,517
3412,10489,139
3413,10002,54
3414,7951,464
3415,415,464
3416,6012,576
3417,10915,444
3418,1997,495
3419,2170,514
3420,10035,369
3421,6744,440
3422,417,323
3423,1130,464
3424,218,352
3425,7454,143
3426,1,298
3427,11263,282
3428,8858,558
3429,5189,139
3430,4663,532
3431,3957,452
3432,5467,369
3433,2674,330
3434,4521,282
3435,2221,532
3436,9739,328
3437,3305,139
3438,500,82
3439,6202,320
3440,5842,17
3441,2199,464
3442,6597,464
3443,7050,54
3444,9086,369
3445,759,532
3446,6094,94
3447,9271,452
3448,3960,452
3449,6931,91
3450,5599,243
3451,1969,330
3452,10928,17
3453,9427,352
3454,1568,452
3455,3460,330
3456,147,369
3457,11229,282
3458,10781,506
3459,9669,126
3460,9781,514
3461,7079,464
3462,665,369
3463,6449,11
3464,8133,496
3465,3105,474
3466,3093,452
3467,6491,11
3468,4366,452
3469,217,352
3470,8010,369
3471,10269,275
3472,6604,13
3473,6029,330
3474,35,13
3475,503,54
3476,1076,246
3477,8393,163
3478,4149,17
3479,5875,464
3480,7935,514
3481,7647,330
3482,7218,452
3483,7894,139
3484,6046,369
3485,6681,514
3486,2113,138
3487,7653,17
3488,10867,369
3489,11210,554
3490,6223,87
3491,9010,17
3492,935,464
3493,422,352
3494,4210,464
3495,1531,551
3496,8231,352
3497,6326,111
3498,9368,263
3499,8038,282
3500,2965,498
3501,3695,91
3502,2580,474
3503,1785,288
3504,6355,217
3505,906,551
3506,1090,309
3507,5917,352
3508,2191,514
3509,6318,521
3510,9753,452
3511,8046,440
3512,3165,369
3513,2732,532
3514,9688,498
3515,5060,17
3516,1830,17
3517,5207,464
3518,10063,498
3519,2299,369
3520,5729,282
3521,9514,147
3522,7505,352
3523,10926,464
3524,6222,369
3525,11203,369
3526,1528,532
3527,9428,352
3528,176,328
3529,261,13
3530,1735,369
3531,2841,13
3532,715,5
3533,1370,369
3534,1882,532
3535,4465,464
3536,4794,532
3537,898,138
3538,8341,558
3539,9227,229
3540,1157,17
3541,8903,514
3542,6063,82
3543,4269,532
3544,1363,532
3545,10087,139
3546,3008,496
3547,3311,62
3548,9690,532
3549,5341,139
3550,4216,554
3551,9224,352
3552,538,82
3553,10197,532
3554,4641,58
3555,4113,7
3556,207,115
3557,10155,282
3558,8151,506
3559,4217,17
3560,1820,377
3561,4434,532
3562,2811,514
3563,6848,352
3564,7141,452
3565,10399,140
3566,10676,452
3567,9335,369
3568,8427,193
3569,10765,369
3570,592,229
3571,4274,532
3572,5216,558
3573,1158,19
3574,3267,440
3575,8232,352
3576,3566,352
3577,3497,70
3578,9664,261
3579,6304,352
3580,9492,54
3581,5911,352
3582,4215,532
3583,3973,452
3584,8417,56
3585,7686,532
3586,2757,464
3587,3248,328
3588,6933,91
3589,6721,138
3590,8236,352
3591,3198,143
3592,7157,82
3593,5159,126
3594,5725,282
3595,7874,54
3596,2695,369
3597,5904,352
3598,3671,145
3599,8553,282
3600,3098,475
3601,9777,452
3602,1152,17
3603,2643,139
3604,5605,464
3605,3758,17
3606,4174,251
3607,7953,209
3608,1760,62
3609,7257,369
3610,9425,352
3611,2790,56
3612,6055,464
3613,6467,10
3614,11320,17
3615,7103,532
3616,3672,54
3617,10326,506
3618,2850,464
3619,1803,282
3620,5909,352
3621,9839,554
3622,7445,282
3623,8424,193
3624,2379,352
3625,9755,452
3626,7571,17
3627,7102,532
3628,8728,54
3629,7528,532
3630,9223,54
3631,7030,514
3632,2778,532
3633,6299,497
3634,8182,282
3635,10140,475
3636,2089,448
3637,5154,474
3638,4900,328
3639,6417,328
3640,4844,464
3641,5824,138
3642,7138,452
3643,3991,532
3644,6018,514
3645,7764,353
3646,1161,17
3647,4037,5
3648,9231,229
3649,6992,452
3650,11181,464
3651,7741,121
3652,3345,87
3653,10445,13
3654,8206,514
3655,2479,242
3656,1733,369
3657,1541,139
3658,5602,452
3659,6956,369
3660,4996,352
3661,622,279
3662,803,82
3663,10736,558
3664,8661,474
3665,6611,139
3666,9296,62
3667,3068,139
3668,979,282
3669,10042,474
3670,10372,369
3671,8412,56
3672,11147,352
3673,1079,182
3674,8533,498
3675,10659,452
3676,10353,17
3677,5825,45
3678,5075,543
3679,6187,54
3680,11311,316
3681,2396,352
3682,6776,141
3683,2776,282
3684,9228,229
3685,11279,352
3686,4704,87
3687,4038,5
3688,7916,554
3689,6283,330
3690,6840,352
3691,10611,474
3692,5208,464
3693,5999,506
3694,5571,17
3695,2649,111
3696,3864,369
3697,6821,464
3698,7396,532
3699,5924,352
3700,6634,498
3701,4931,369
3702,780,478
3703,4646,382
3704,6232,282
3705,9618,369
3706,8070,514
3707,8324,303
3708,6781,577
3709,11042,17
3710,8376,17
3711,300,65
3712,5569,328
3713,3858,264
3714,1027,285
3715,9540,532
3716,4875,328
3717,534,120
3718,6335,54
3719,7654,575
3720,4393,452
3721,1857,82
3722,4440,17
3723,1756,352
3724,2224,498
3725,385,464
3726,1794,282
3727,8059,452
3728,10479,335
3729,9291,62
3730,1377,575
3731,1552,514
3732,10819,377
3733,985,363
3734,3304,309
3735,1824,282
3736,10286,352
3737,8818,13
3738,3441,282
3739,5655,82
3740,400,330
3741,3360,139
3742,3224,452
3743,4394,452
3744,10953,498
3745,3239,423
3746,8507,502
3747,1713,532
3748,8719,464
3749,847,464
3750,10371,369
3751,562,54
3752,1167,575
3753,9166,282
3754,7164,369
3755,7773,82
3756,666,369
3757,6919,198
3758,8905,514
3759,8333,352
3760,10622,452
3761,5935,228
3762,662,532
3763,2222,17
3764,4534,282
3765,3259,369
3766,8966,369
3767,5642,285
3768,9141,369
3769,907,551
3770,11086,514
3771,7067,56
3772,9016,514
3773,6839,352
3774,6945,352
3775,1965,282
3776,321,17
3777,5657,82
3778,4540,282
3779,8696,88
3780,7613,532
3781,3903,139
3782,9357,474
3783,7806,82
3784,9706,514
3785,11137,328
3786,9937,464
3787,1519,498
3788,3737,446
3789,11231,282
3790,3309,352
3791,9999,79
3792,186,13
3793,3994,375
3794,5700,554
3795,4556,282
3796,7642,11
3797,2805,532
3798,5277,269
3799,9098,82
3800,8032,514
3801,2157,126
3802,2887,91
3803,6305,352
3804,1353,198
3805,5031,464
3806,9146,532
3807,7873,575
3808,8234,352
3809,10024,514
3810,2607,506
3811,8804,352
3812,10927,423
3813,2786,369
3814,1556,514
3815,1454,369
3816,9559,328
3817,3284,17
3818,2527,54
3819,6000,506
3820,1375,88
3821,10097,126
3822,4369,452
3823,7615,56
3824,5507,551
3825,9215,13
3826,10073,138
3827,240,258
3828,3324,17
3829,4716,328
3830,7370,352
3831,11088,514
3832,2611,506
3833,2967,3
3834,9635,532
3835,8545,282
3836,6692,551
3837,6811,209
3838,611,3
3839,10205,532
3840,558,45
3841,1251,94
3842,3222,452
3843,5130,554
3844,5940,228
3845,7245,464
3846,967,416
3847,8674,7
3848,7559,111
3849,8972,474
3850,6164,375
3851,10117,464
3852,4612,226
3853,4266,532
3854,11344,328
3855,4005,126
3856,9966,139
3857,7311,138
3858,1140,464
3859,7072,56
3860,9698,464
3861,5927,464
3862,2901,139
3863,6160,54
3864,6690,300
3865,10968,388
3866,8316,15
3867,6877,91
3868,6710,328
3869,10358,17
3870,3266,296
3871,10174,262
3872,6990,369
3873,799,452
3874,9809,440
3875,771,532
3876,607,514
3877,962,464
3878,10039,119
3879,2110,352
3880,9097,82
3881,10568,532
3882,1947,138
3883,9478,352
3884,10925,17
3885,360,464
3886,10516,82
3887,11103,514
3888,7221,369
3889,6329,532
3890,1373,577
3891,2954,111
3892,4947,464
3893,2051,138
3894,2229,464
3895,4474,464
3896,6463,139
3897,733,282
3898,8026,7
3899,4786,17
3900,8754,452
3901,5092,13
3902,11030,352
3903,5177,464
3904,2838,352
3905,9278,228
3906,1221,82
3907,2052,474
3908,1450,369
3909,2380,352
3910,3716,514
3911,10799,82
3912,3069,139
3913,714,5
3914,3958,452
3915,713,138
3916,7209,17
3917,2142,506
3918,1953,228
3919,1468,82
3920,675,62
3921,3620,448
3922,2686,282
3923,10754,514
3924,2151,506
3925,6537,236
3926,8952,139
3927,2126,464
3928,6166,469
3929,7017,282
3930,8931,126
3931,8112,452
3932,23,58
3933,6492,464
3934,7373,514
3935,6320,521
3936,4824,352
3937,2026,111
3938,3603,452
3939,6215,139
3940,11289,442
3941,1254,498
3942,2594,496
3943,6443,139
3944,1444,352
3945,3210,464
3946,2392,352
3947,8146,506
3948,9527,514
3949,1913,82
3950,3297,399
3951,2789,56
3952,4745,282
3953,3178,479
3954,2137,7
3955,2355,369
3956,877,452
3957,8437,521
3958,5401,498
3959,7186,408
3960,6932,91
3961,4387,352
3962,10032,54
3963,6683,514
3964,6845,352
3965,9378,554
3966,1335,139
3967,1009,514
3968,1903,533
3969,8423,193
3970,6646,13
3971,5938,228
3972,4876,464
3973,741,352
3974,1116,13
3975,2438,145
3976,755,111
3977,794,575
3978,7401,498
3979,812,498
3980,6929,139
3981,2777,464
3982,6128,474
3983,3936,532
3984,6332,54
3985,9932,532
3986,3558,498
3987,10341,532
3988,5843,576
3989,1870,532
3990,1804,282
3991,8642,464
3992,6243,282
3993,4926,369
3994,2128,91
3995,3244,300
3996,3045,139
3997,7060,389
3998,7641,464
3999,3299,282
4000,2839,139
4001,4747,282
4002,3601,532
4003,8253,45
4004,6749,282
4005,1267,351
4006,10511,532
4007,8892,514
4008,9607,78
4009,2198,17
4010,79,443
4011,2673,61
4012,3269,115
4013,7876,13
4014,2012,147
4015,5846,139
4016,5992,138
4017,2441,474
4018,8436,228
4019,3308,352
4020,8286,54
4021,9677,229
4022,8448,62
4023,5199,475
4024,6592,328
4025,1466,91
4026,5192,139
4027,4902,119
4028,72,189
4029,5941,228
4030,7376,514
4031,7976,506
4032,6017,464
4033,7583,282
4034,7799,82
4035,2604,506
4036,8387,328
4037,3979,382
4038,10673,452
4039,5799,532
4040,3326,91
4041,2825,352
4042,10742,139
4043,5949,82
4044,8340,558
4045,6447,464
4046,3189,282
4047,7153,126
4048,4536,282
4049,1575,282
4050,3443,282
4051,1123,474
4052,4566,282
4053,8342,365
4054,6261,54
4055,6418,328
4056,3963,452
4057,2373,352
4058,8520,17
4059,4106,119
4060,4466,464
4061,271,246
4062,11260,282
4063,3894,330
4064,2682,475
4065,10119,464
4066,3261,481
4067,431,23
4068,8233,352
4069,2360,93
4070,6993,452
4071,4942,498
4072,43,514
4073,9294,62
4074,5632,82
4075,1168,19
4076,5225,474
4077,4553,282
4078,3592,282
4079,640,498
4080,2343,369
4081,3221,452
4082,6325,352
4083,9420,352
4084,1212,576
4085,4407,282
4086,8519,17
4087,3942,440
4088,11234,282
4089,5621,532
4090,5178,440
4091,6092,84
4092,4455,464
4093,8419,56
4094,5228,139
4095,1980,246
4096,3114,475
4097,5540,532
4098,6363,139
4099,8240,352
4100,8786,464
4101,10321,558
4102,6651,464
4103,8999,296
4104,6469,464
4105,8819,13
4106,6136,299
4107,3440,282
4108,498,309
4109,836,17
4110,69,209
4111,9834,372
4112,3017,305
4113,8381,532
4114,6204,320
4115,91,17
4116,1056,538
4117,8876,143
4118,5028,369
4119,2223,464
4120,2217,464
4121,8008,45
4122,11280,352
4123,6895,17
4124,5111,558
4125,4254,532
4126,5365,62
4127,6680,514
4128,5791,328
4129,8517,502
4130,3436,369
4131,10656,452
4132,2678,475
4133,10322,452
4134,4742,282
4135,8940,538
4136,437,5
4137,1755,352
4138,10370,369
4139,5268,126
4140,6549,369
4141,34,119
4142,4634,464
4143,4743,282
4144,663,558
4145,5203,126
4146,1346,82
4147,7387,532
4148,6352,17
4149,7541,452
4150,6542,464
4151,860,452
4152,7839,369
4153,9314,62
4154,1264,464
4155,4354,464
4156,53,464
4157,2957,352
4158,8946,17
4159,11346,514
4160,5219,558
4161,9311,62
4162,2486,474
4163,1954,452
4164,10217,532
4165,4613,126
4166,10713,138
4167,2617,506
4168,10325,506
4169,7977,506
4170,3257,369
4171,1767,228
4172,10412,271
4173,3896,329
4174,3544,369
4175,6009,498
4176,6784,470
4177,1662,514
4178,6213,139
4179,5308,352
4180,6835,352
4181,7694,532
4182,11227,54
4183,9212,228
4184,6240,328
4185,8429,56
4186,440,5
4187,7403,514
4188,2783,532
4189,2424,452
4190,4600,532
4191,7606,532
4192,10895,506
4193,8967,551
4194,1806,282
4195,10821,377
4196,8504,13
4197,1222,82
4198,7766,577
4199,1200,17
4200,8567,139
4201,2983,228
4202,9385,352
4203,8969,474
4204,1210,532
4205,281,300
4206,9429,352
4207,2428,474
4208,9996,126
4209,7365,282
4210,5656,82
4211,3929,305
4212,7356,282
4213,3160,514
4214,8878,514
4215,3352,139
4216,3764,17
4217,3861,264
4218,3194,506
4219,5887,330
4220,10339,369
4221,5369,58
4222,298,346
4223,7735,54
4224,4264,532
4225,3669,532
4226,9399,464
4227,3320,474
4228,10190,558
4229,9654,498
4230,4639,208
4231,9671,54
4232,7363,282
4233,9728,139
4234,8803,464
4235,3722,452
4236,5882,282
4237,6918,502
4238,2630,506
4239,3186,282
4240,5288,7
4241,5023,452
4242,7410,532
4243,6834,352
4244,5392,352
4245,10884,329
4246,7523,369
4247,3200,143
4248,4690,551
4249,4541,282
4250,9662,498
4251,4405,452
4252,8435,56
4253,4479,217
4254,8225,352
4255,512,506
4256,4378,145
4257,3310,352
4258,9040,464
4259,2275,17
4260,4257,532
4261,9988,532
4262,2155,126
4263,128,352
4264,3859,264
4265,5603,464
4266,5647,82
4267,1712,532
4268,3229,498
4269,11224,368
4270,2999,539
4271,4557,282
4272,10705,13
4273,10268,275
4274,11141,517
4275,9893,369
4276,4787,369
4277,9347,139
4278,10739,330
4279,840,506
4280,10994,557
4281,4506,58
4282,2561,54
4283,10439,91
4284,4017,91
4285,1915,82
4286,2894,328
4287,8755,452
4288,4665,369
4289,2593,496
4290,7197,532
4291,5881,464
4292,8241,31
4293,11114,121
4294,8515,502
4295,8113,452
4296,8116,452
4297,2597,506
4298,10015,139
4299,3029,452
4300,6541,82
4301,8708,329
4302,7532,119
4303,2372,352
4304,9361,532
4305,850,36
4306,5215,246
4307,3135,474
4308,6256,464
4309,7697,532
4310,7052,282
4311,7510,330
4312,4207,481
4313,10239,464
4314,10737,17
4315,2456,474
4316,732,282
4317,6347,139
4318,10997,17
4319,7972,506
4320,7357,282
4321,2684,236
4322,2949,17
4323,10780,506
4324,7664,514
4325,5163,328
4326,7122,139
4327,1011,514
4328,667,369
4329,5016,17
4330,2656,251
4331,9467,369
4332,5959,532
4333,8597,464
4334,1945,440
4335,10706,410
4336,2371,54
4337,1006,182
4338,9229,229
4339,553,514
4340,4335,282
4341,10096,532
4342,8349,330
4343,6635,498
4344,6836,352
4345,11241,282
4346,11128,17
4347,7601,352
4348,6552,352
4349,2091,352
4350,2963,17
4351,8625,464
4352,7451,282
4353,1408,452
4354,9789,460
4355,474,532
4356,2870,300
4357,3127,369
4358,7302,515
4359,770,282
4360,386,214
4361,1923,352
4362,5010,328
4363,5659,369
4364,11270,282
4365,3590,54
4366,9479,352
4367,2958,352
4368,4591,446
4369,4414,143
4370,5628,369
4371,5226,506
4372,1257,566
4373,6149,514
4374,7775,308
4375,452,139
4376,5852,54
4377,7214,251
4378,2528,54
4379,8587,369
4380,8522,17
4381,4153,514
4382,575,138
4383,10663,452
4384,2229,532
4385,1899,464
4386,10874,7
4387,6585,330
4388,5616,285
4389,8364,139
4390,6413,282
4391,2889,382
4392,8542,282
4393,2430,474
4394,10490,282
4395,8800,506
4396,7963,54
4397,645,514
4398,6657,330
4399,1832,372
4400,7724,329
4401,4214,17
4402,5853,138
4403,4701,141
4404,7023,464
4405,1439,17
4406,2626,352
4407,10352,17
4408,2856,548
4409,7190,187
4410,8566,452
4411,1962,54
4412,7255,369
4413,7546,452
4414,11255,282
4415,112,345
4416,6189,532
4417,7525,466
4418,10775,139
4419,9448,514
4420,9178,13
4421,6462,139
4422,6833,352
4423,5506,514
4424,7362,282
4425,6217,532
4426,1292,282
4427,5900,352
4428,430,169
4429,2291,369
4430,4966,371
4431,2824,369
4432,6671,367
4433,4797,470
4434,1170,19
4435,5931,369
4436,7568,498
4437,6099,94
4438,4165,293
4439,9508,328
4440,8438,521
4441,6058,282
4442,7792,82
4443,5296,539
4444,11359,300
4445,3133,474
4446,10118,99
4447,5191,139
4448,9165,282
4449,2812,514
4450,2369,352
4451,1105,353
4452,1880,13
4453,2239,163
4454,3959,452
4455,7807,82
4456,6960,352
4457,722,17
4458,520,464
4459,3804,327
4460,4567,282
4461,8230,352
4462,9392,138
4463,7456,91
4464,649,369
4465,813,352
4466,9673,452
4467,8651,352
4468,7840,452
4469,7948,532
4470,6684,246
4471,6050,532
4472,1033,17
4473,7637,328
4474,3348,87
4475,10797,138
4476,2146,372
4477,682,532
4478,8303,82
4479,11267,282
4480,11090,514
4481,5595,243
4482,3334,474
4483,8391,163
4484,905,514
4485,7715,377
4486,10410,271
4487,6414,282
4488,4554,282
4489,6423,13
4490,8353,13
4491,1531,369
4492,8357,82
4493,10151,369
4494,9459,532
4495,754,111
4496,6059,352
4497,9905,514
4498,9176,132
4499,7932,282
4500,2788,56
4501,4539,282
4502,10060,221
4503,8422,56
4504,5358,369
4505,11151,13
4506,8268,469
4507,9344,139
4508,291,369
4509,3142,474
4510,3171,369
4511,2881,91
4512,1571,575
4513,2311,498
4514,278,17
4515,7769,61
4516,4526,282
4517,116,82
4518,1177,300
4519,4320,452
4520,4649,282
4521,3096,209
4522,1930,440
4523,404,514
4524,6450,464
4525,10520,539
4526,5664,514
4527,6612,139
4528,670,464
4529,9537,17
4530,4420,102
4531,9274,62
4532,4348,352
4533,2559,54
4534,6715,506
4535,9217,347
4536,9348,139
4537,6203,320
4538,2621,506
4539,5405,498
4540,4545,282
4541,6873,300
4542,2614,506
4543,9179,532
4544,4258,532
4545,3183,300
4546,8197,282
4547,312,532
4548,2278,498
4549,508,506
4550,2405,352
4551,8779,351
4552,3414,506
4553,6386,464
4554,5258,390
4555,7771,308
4556,260,498
4557,2586,54
4558,712,138
4559,7701,532
4560,3783,352
4561,9751,452
4562,1664,139
4563,108,352
4564,5194,139
4565,8048,498
4566,6994,452
4567,4528,282
4568,2365,470
4569,4888,169
4570,1831,372
4571,190,352
4572,768,228
4573,6490,464
4574,6789,19
4575,11347,328
4576,10238,464
4577,5252,282
4578,9464,352
4579,5886,330
4580,8031,514
4581,10672,452
4582,7434,119
4583,2541,369
4584,10813,352
4585,6271,91
4586,4295,288
4587,3232,498
4588,7140,452
4589,7500,54
4590,4549,282
4591,9631,514
4592,8300,82
4593,6336,352
4594,4297,369
4595,4024,514
4596,3125,369
4597,5269,532
4598,8981,17
4599,555,300
4600,10189,532
4601,117,82
4602,8675,7
4603,10320,558
4604,4546,282
4605,11268,282
4606,7364,282
4607,4987,62
4608,7224,416
4609,7854,61
4610,2791,56
4611,1113,145
4612,3956,452
4613,3782,352
4614,8306,82
4615,6696,17
4616,8992,296
4617,2569,209
4618,433,13
4619,6498,139
4620,428,245
4621,2816,282
4622,2318,365
4623,6125,303
4624,11171,452
4625,6922,502
4626,7736,54
4627,8238,352
4628,2584,54
4629,10003,163
4630,3429,163
4631,5257,440
4632,5560,13
4633,5079,138
4634,4736,228
4635,7304,369
4636,8148,506
4637,1449,369
4638,1007,182
4639,104,62
4640,3300,282
4641,2314,351
4642,6807,139
4643,4883,236
4644,5508,551
4645,5088,54
4646,4399,452
4647,1769,7
4648,8985,352
4649,2482,464
4650,1906,506
4651,7109,532
4652,1396,496
4653,10175,464
4654,4172,65
4655,806,139
4656,427,169
4657,3173,369
4658,2022,54
4659,9567,228
4660,106,62
4661,536,292
4662,9643,498
4663,8550,532
4664,6115,17
4665,10237,138
4666,6664,139
4667,6453,464
4668,10145,91
4669,9312,62
4670,1296,282
4671,5755,369
4672,3241,464
4673,6672,498
4674,2347,359
4675,595,13
4676,9338,532
4677,1530,60
4678,6618,139
4679,4828,352
4680,4250,532
4681,7061,17
4682,8861,102
4683,1698,5
4684,4615,466
4685,9516,464
4686,950,554
4687,9362,498
4688,7971,506
4689,9671,554
4690,7800,82
4691,11342,532
4692,9997,126
4693,3390,13
4694,7361,282
4695,10724,126
4696,8213,532
4697,2815,517
4698,8932,126
4699,4683,452
4700,103,40
4701,2826,328
4702,306,328
4703,846,487
4704,1269,351
4705,5012,514
4706,811,282
4707,10934,423
4708,333,143
4709,9910,61
4710,2610,506
4711,5689,554
4712,961,17
4713,5580,139
4714,796,452
4715,5797,330
4716,10930,464
4717,8869,17
4718,5440,211
4719,9903,514
4720,3606,300
4721,10510,532
4722,6061,514
4723,8136,459
4724,2279,498
4725,4182,282
4726,3263,168
4727,10838,498
4728,6104,382
4729,2885,532
4730,3505,209
4731,10804,330
4732,6409,369
4733,10481,335
4734,9888,554
4735,8210,514
4736,7055,464
4737,1175,251
4738,11007,452
4739,3287,369
4740,7480,452
4741,5040,498
4742,8329,360
4743,9838,175
4744,2143,372
4745,2055,82
4746,10502,126
4747,2978,532
4748,5574,353
4749,9584,282
4750,11125,17
4751,11121,17
4752,6551,352
4753,11169,452
4754,4280,532
4755,7339,3
4756,288,532
4757,3668,532
4758,10457,464
4759,420,7
4760,2871,139
4761,5193,139
4762,2300,514
4763,7201,532
4764,10815,82
4765,11068,464
4766,343,532
4767,2571,139
4768,1622,440
4769,5984,82
4770,7499,282
4771,4635,464
4772,6674,54
4773,8185,70
4774,3139,474
4775,1395,496
4776,2186,126
4777,1126,554
4778,8788,575
4779,2525,532
4780,6410,369
4781,1453,369
4782,1459,369
4783,543,514
4784,2216,126
4785,2315,198
4786,2109,352
4787,4543,282
4788,10362,17
4789,5114,558
4790,540,440
4791,9624,126
4792,10243,282
4793,6996,335
4794,1040,532
4795,3408,506
4796,8841,464
4797,5858,464
4798,1533,139
4799,2507,452
4800,1599,305
4801,2181,126
4802,1036,514
4803,3746,282
4804,11019,282
4805,127,352
4806,6263,464
4807,10636,13
4808,5513,82
4809,7460,282
4810,4278,532
4811,10115,139
4812,3107,532
4813,3942,532
4814,3490,82
4815,2246,369
4816,4680,565
4817,3361,423
4818,7530,532
4819,514,372
4820,1950,228
4821,5795,330
4822,642,567
4823,10836,372
4824,965,139
4825,7924,345
4826,9268,452
4827,4845,352
4828,9069,56
4829,1829,17
4830,9184,62
4831,7459,282
4832,5663,514
4833,7041,388
4834,4589,452
4835,549,328
4836,5271,440
4837,250,351
4838,9866,558
4839,7032,514
4840,3656,139
4841,8115,452
4842,6109,352
4843,6665,541
4844,9914,532
4845,5987,17
4846,10600,440
4847,3935,305
4848,9724,139
4849,4538,282
4850,3312,495
4851,7001,330
4852,5798,330
4853,7893,514
4854,441,5
4855,7925,345
4856,6465,452
4857,5894,352
4858,5263,382
4859,465,91
4860,3510,498
4861,10246,17
4862,285,416
4863,1993,369
4864,3243,13
4865,7674,464
4866,7169,514
4867,1809,282
4868,2129,91
4869,2236,132
4870,1360,54
4871,3321,475
4872,3996,352
4873,1371,369
4874,71,189
4875,11158,567
4876,5282,210
4877,8389,163
4878,2317,182
4879,10702,328
4880,8214,532
4881,6201,464
4882,10869,251
4883,8350,330
4884,320,163
4885,7870,119
4886,3417,369
4887,7121,139
4888,6851,372
4889,2912,65
4890,1619,464
4891,5104,558
4892,10343,163
4893,6726,369
4894,3393,217
4895,3364,139
4896,377,506
4897,7307,279
4898,8343,365
4899,7644,17
4900,1844,309
4901,4511,481
4902,164,54
4903,8168,452
4904,8546,282
4905,5279,282
4906,10019,508
4907,6327,497
4908,10719,61
4909,4746,282
4910,10947,126
4911,5253,282
4912,2785,372
4913,5905,352
4914,9102,551
4915,9987,532
4916,784,514
4917,9295,62
4918,1071,139
4919,8090,352
4920,3530,369
4921,5744,369
4922,1686,372
4923,4157,7
4924,5563,352
4925,467,532
4926,10297,452
4927,11006,452
4928,8607,464
4929,9600,54
4930,2629,506
4931,1256,464
4932,4482,13
4933,5297,575
4934,7926,345
4935,9927,538
4936,5137,452
4937,262,13
4938,8996,17
4939,7212,17
4940,11059,514
4941,2773,452
4942,3931,547
4943,4253,532
4944,6493,464
4945,3777,352
4946,10670,452
4947,5283,269
4948,183,514
4949,10837,54
4950,10212,532
4951,6652,464
4952,10509,122
4953,11247,282
4954,1523,423
4955,5067,369
4956,11252,282
4957,4202,208
4958,4741,282
4959,9790,459
4960,7064,30
4961,5272,440
4962,5344,498
4963,1928,514
4964,201,464
4965,5609,82
4966,6435,139
4967,7535,514
4968,2940,532
4969,216,352
4970,9606,369
4971,7481,452
4972,6138,506
4973,11009,17
4974,6298,369
4975,3484,464
4976,7933,7
4977,9761,352
4978,1679,209
4979,9482,352
4980,8101,452
4981,9340,369
4982,9785,138
4983,5626,82
4984,616,17
4985,8968,145
4986,6322,521
4987,8731,17
4988,3141,474
4989,277,423
4990,11016,282
4991,9283,369
4992,7645,209
4993,912,575
4994,6589,330
4995,10407,126
4996,9921,382
4997,4114,7
4998,7239,551
4999,775,575
5000,10601,440
