id,game_publisher_id,platform_id,release_year
1,8564,4,2007
2,9852,4,2007
3,11063,7,2006
4,9065,15,2011
5,9544,15,2011
6,11623,15,2009
7,1977,16,1981
8,3833,16,1981
9,3838,16,1982
10,4755,16,1982
11,5034,16,1981
12,9762,15,2008
13,3647,7,2002
14,3687,7,2003
15,5747,7,2001
16,5788,7,2000
17,6318,7,2001
18,6544,7,2001
19,6657,7,2001
20,7051,7,2002
21,7172,7,2000
22,8175,7,2002
23,8750,7,2001
24,9032,7,2002
25,9522,7,2001
26,1952,12,1999
27,3341,12,2000
28,3532,12,1999
29,3913,12,1998
30,4854,12,2000
31,1241,13,1999
32,1867,13,1999
33,1952,13,1999
34,2559,13,2000
35,2705,13,2000
36,3231,13,2001
37,3341,13,2000
38,4136,13,2000
39,4186,13,2000
40,4683,13,1999
41,5747,13,2001
42,5788,13,2000
43,6544,13,2001
44,7384,13,2001
45,8181,13,1998
46,9470,13,2001
47,3687,14,2003
48,11522,19,2003
49,9440,5,2009
50,107,1,2010
51,427,1,2007
52,1824,1,2008
53,2608,1,2010
54,2799,1,2008
55,2909,1,2010
56,3186,1,2007
57,3555,1,2009
58,4647,1,2009
59,4923,1,2009
60,4997,1,2007
61,5626,1,2009
62,6066,1,2007
63,6549,1,2010
64,7060,1,2011
65,7309,1,2009
66,7349,1,2009
67,7553,1,2008
68,7802,1,2009
69,8088,1,2009
70,8145,1,2012
71,8283,1,2007
72,8318,1,2007
73,8410,1,2006
74,9286,1,2007
75,9297,1,2007
76,9307,1,2007
77,9493,1,2007
78,10368,1,2009
79,10721,1,2006
80,140,4,2006
81,312,4,2007
82,839,4,2009
83,1147,4,2009
84,2207,4,2009
85,2281,4,2010
86,2524,4,2007
87,2608,4,2010
88,3199,4,2009
89,3847,4,2008
90,3954,4,2009
91,4602,4,2007
92,4923,4,2008
93,5044,4,2008
94,5269,4,2009
95,5328,4,2011
96,5579,4,2010
97,5765,4,2007
98,5881,4,2010
99,6041,4,2007
100,6185,4,2005
101,6206,4,2005
102,6231,4,2008
103,6365,4,2007
104,6409,4,2006
105,6611,4,2007
106,7060,4,2011
107,7067,4,2011
108,7107,4,2007
109,7118,4,2005
110,7147,4,2010
111,7227,4,2010
112,7317,4,2007
113,7440,4,2006
114,7802,4,2009
115,7997,4,2011
116,8000,4,2009
117,8059,4,2005
118,8064,4,2009
119,8156,4,2009
120,8216,4,2009
121,8273,4,2005
122,8286,4,2009
123,8362,4,2005
124,8405,4,2006
125,8466,4,2006
126,8512,4,2010
127,8520,4,2008
128,8921,4,2008
129,9369,4,2010
130,9469,4,2009
131,9489,4,2009
132,9623,4,2007
133,9876,4,2008
134,10224,4,2006
135,10368,4,2009
136,10516,4,2007
137,10631,4,2005
138,10694,4,2010
139,10696,4,2009
140,10999,4,2006
141,11086,4,2007
142,11278,4,2006
143,11499,4,2006
144,11577,4,2007
145,107,5,2010
146,1663,5,2012
147,2143,5,2013
148,2207,5,2009
149,2249,5,2014
150,2527,5,2013
151,3186,5,2010
152,3229,5,2010
153,3898,5,2011
154,4759,5,2007
155,5306,5,2011
156,5550,5,2012
157,5869,5,2010
158,5954,5,2011
159,6527,5,2011
160,6674,5,2011
161,6707,5,2011
162,6738,5,2011
163,7060,5,2011
164,7103,5,2011
165,7523,5,2010
166,7677,5,2008
167,7740,5,2008
168,8145,5,2012
169,8492,5,2011
170,8712,5,2012
171,9025,5,2010
172,107,6,2010
173,1663,6,2012
174,2143,6,2013
175,2207,6,2009
176,2249,6,2014
177,2527,6,2013
178,3186,6,2010
179,3229,6,2010
180,3898,6,2011
181,4759,6,2006
182,5954,6,2011
183,6707,6,2011
184,7740,6,2008
185,8466,6,2011
186,8712,6,2012
187,3186,7,2007
188,4240,7,2002
189,4386,7,2006
190,5103,7,2004
191,5611,7,2004
192,5705,7,2005
193,6283,7,2005
194,6749,7,2006
195,7282,7,2003
196,7455,7,2004
197,7467,7,2006
198,7751,7,2005
199,7953,7,2004
200,8097,7,2004
201,8448,7,2004
202,8756,7,2006
203,9160,7,2007
204,9731,7,2005
205,9971,7,2006
206,10114,7,2004
207,10392,7,2005
208,10626,7,2006
209,2143,10,2016
210,2450,10,2011
211,7184,10,2011
212,2143,11,2014
213,2249,11,2014
214,2527,11,2015
215,4976,11,2016
216,6620,11,2015
217,9045,11,2016
218,9021,14,2004
219,2527,15,2013
220,4976,15,2016
221,6299,15,2009
222,9981,15,2009
223,2207,17,2009
224,3186,17,2007
225,6311,17,2006
226,6426,17,2007
227,6443,17,2006
228,6488,17,2005
229,7587,17,2006
230,7799,17,2006
231,9054,17,2004
232,9968,17,2004
233,2143,18,2014
234,2249,18,2014
235,2527,18,2015
236,4976,18,2016
237,6620,18,2015
238,9045,18,2016
239,1663,20,2013
240,2143,20,2016
241,6707,23,2012
242,7194,5,2012
243,7921,5,2011
244,8554,5,2013
245,8617,5,2009
246,9516,5,2010
247,9609,5,2011
248,9742,5,2009
249,10468,5,2009
250,10528,5,2009
251,10569,5,2011
252,10979,5,2010
253,11087,5,2010
254,11167,5,2010
255,11254,5,2010
256,11617,5,2011
257,7194,6,2012
258,7921,6,2012
259,8554,6,2013
260,8975,6,2015
261,10054,6,2014
262,10167,6,2013
263,10386,6,2015
264,10569,6,2011
265,11605,6,2012
266,11644,6,2012
267,8447,7,2010
268,9663,7,2008
269,10923,7,2008
270,11211,7,2008
271,11268,7,2009
272,11635,7,2009
273,11706,7,2008
274,9129,10,2015
275,8975,11,2015
276,7921,17,2012
277,9129,17,2010
278,9427,17,2011
279,9516,17,2011
280,9742,17,2010
281,10488,17,2012
282,10528,17,2010
283,10835,17,2010
284,11099,17,2011
285,11587,17,2008
286,11605,17,2012
287,11634,17,2009
288,11374,18,2014
289,7194,23,2014
290,8975,23,2015
291,9742,23,2014
292,10054,23,2014
293,10232,23,2015
294,10465,23,2013
295,10736,23,2016
296,10951,23,2015
297,11177,23,2014
298,11198,23,2016
299,11214,23,2015
300,11348,23,2015
301,11458,23,2013
302,11705,23,2014
303,10290,1,2011
304,10857,1,2011
305,10857,4,2011
306,11732,4,2010
307,3613,13,1999
308,590,13,1998
309,804,13,1999
310,853,13,1998
311,1010,13,1998
312,1242,13,1999
313,1382,13,1998
314,1781,13,1999
315,3009,13,1999
316,3150,13,1998
317,3298,13,1997
318,3463,13,1999
319,3467,13,1999
320,3796,13,1998
321,7608,13,1997
322,7964,6,2010
323,525,7,2001
324,1135,7,2003
325,1148,7,2001
326,1215,7,2002
327,1878,7,2002
328,1889,7,2003
329,2046,7,2002
330,2070,7,2001
331,2097,7,2001
332,2640,7,2001
333,3317,7,2003
334,3474,7,2001
335,3792,7,2002
336,3825,7,2000
337,3901,7,2002
338,4196,7,2004
339,4420,7,2003
340,4505,7,2001
341,4807,7,2003
342,4932,7,2001
343,5033,7,2002
344,5113,7,2001
345,5871,7,2000
346,5965,7,2002
347,6095,7,2001
348,6245,7,2002
349,6346,7,2001
350,6843,7,2003
351,6964,7,2004
352,7059,7,2004
353,7108,7,2004
354,7506,7,2003
355,8517,7,2003
356,737,8,1993
357,1009,8,1994
358,1135,8,1994
359,1465,8,1995
360,1148,9,2001
361,1215,9,2002
362,2046,9,2002
363,3317,9,2003
364,3901,9,2002
365,5270,9,2002
366,6952,9,2002
367,9180,9,2002
368,9253,9,2002
369,10320,9,2002
370,344,12,1998
371,769,12,1997
372,821,12,1999
373,1430,12,1998
374,1548,12,1997
375,2164,12,1999
376,2436,12,1998
377,2526,12,1997
378,2991,12,2000
379,2998,12,1998
380,3472,12,1999
381,3529,12,1999
382,3531,12,1998
383,3653,12,1999
384,3737,12,2000
385,3970,12,1998
386,3974,12,1998
387,4105,12,1999
388,4272,12,1998
389,4489,12,1998
390,4490,12,1999
391,4618,12,1999
392,4937,12,2000
393,5389,12,1997
394,5465,12,1999
395,5821,12,2000
396,6603,12,1999
397,6818,12,2000
398,7951,12,1998
399,7952,12,1998
400,9293,12,1997
401,344,13,1998
402,821,13,1998
403,1430,13,1998
404,1465,13,1995
405,1569,13,2000
406,1578,13,2000
407,1586,13,1998
408,1748,13,1996
409,2164,13,2000
410,2339,13,2000
411,2411,13,1996
412,2991,13,1999
413,3020,13,1996
414,3737,13,1998
415,3970,13,1996
416,3974,13,1997
417,4013,13,1997
418,4105,13,1998
419,4452,13,2001
420,4490,13,1998
421,4618,13,2000
422,4632,13,2000
423,4864,13,1998
424,5063,13,1998
425,5064,13,1996
426,5094,13,1996
427,5198,13,2000
428,5247,13,1998
429,5389,13,1995
430,5465,13,1998
431,5547,13,1995
432,5752,13,1995
433,6048,13,1996
434,6293,13,1996
435,6332,13,2001
436,6400,13,1996
437,6489,13,2001
438,6752,13,1997
439,7022,13,1999
440,7087,13,1998
441,7179,13,1994
442,7219,13,1995
443,7277,13,1995
444,7361,13,2001
445,7880,13,1996
446,8344,13,1997
447,8561,13,1995
448,8625,13,2001
449,8768,13,1996
450,8887,13,1995
451,9893,13,1996
452,10028,13,1996
453,10129,13,2001
454,10932,13,1997
455,1135,14,2003
456,1148,14,2001
457,1215,14,2002
458,1878,14,2003
459,1889,14,2003
460,2046,14,2002
461,2070,14,2002
462,2097,14,2002
463,3317,14,2003
464,3792,14,2002
465,3901,14,2002
466,4196,14,2004
467,4675,14,2004
468,4807,14,2003
469,6245,14,2002
470,6843,14,2003
471,7108,14,2004
472,7506,14,2003
473,8517,14,2003
474,9441,14,2003
475,10316,14,2003
476,11290,15,1994
477,525,19,2001
478,1148,19,2001
479,1215,19,2002
480,1878,19,2003
481,1889,19,2003
482,2046,19,2002
483,2070,19,2002
484,2097,19,2002
485,2640,19,2001
486,3317,19,2003
487,3474,19,2002
488,3792,19,2002
489,3901,19,2002
490,4505,19,2001
491,4807,19,2003
492,4932,19,2002
493,5033,19,2003
494,5113,19,2001
495,6245,19,2002
496,7506,19,2003
497,8517,19,2003
498,9180,19,2002
499,9441,19,2003
500,10316,19,2003
501,1009,21,1994
502,1465,21,1994
503,6386,22,2000
504,4693,24,1994
505,5247,24,1995
506,7339,24,1995
507,1222,13,1997
508,5541,13,1999
509,5576,13,1996
510,6973,1,2010
511,7990,1,2011
512,8143,4,2009
513,3866,6,2011
514,8199,6,2012
515,11301,6,2012
516,8533,10,2012
517,8199,17,2012
518,9562,17,2012
519,10279,17,2012
520,6548,6,2010
521,10492,6,2010
522,11028,6,2011
523,9094,7,2006
524,8878,10,2011
525,7003,11,2014
526,6325,17,2008
527,6361,17,2011
528,6548,17,2010
529,7673,17,2012
530,7895,17,2009
531,7963,17,2011
532,7969,17,2012
533,29,1,2011
534,31,1,2010
535,90,1,2008
536,181,1,2007
537,301,1,2008
538,398,1,2008
539,444,1,2011
540,494,1,2012
541,530,1,2006
542,578,1,2013
543,775,1,2010
544,970,1,2009
545,1011,1,2009
546,1050,1,2008
547,1107,1,2009
548,1133,1,2009
549,1233,1,2008
550,1458,1,2007
551,1549,1,2009
552,1559,1,2014
553,1615,1,2010
554,1648,1,2009
555,1700,1,2009
556,1703,1,2009
557,1770,1,2009
558,1785,1,2007
559,1916,1,2012
560,1923,1,2010
561,2088,1,2008
562,2104,1,2009
563,2122,1,2009
564,2200,1,2009
565,2220,1,2007
566,2292,1,2007
567,2392,1,2007
568,2453,1,2010
569,2470,1,2009
570,2548,1,2010
571,2587,1,2009
572,2643,1,2010
573,2668,1,2010
574,2669,1,2006
575,2702,1,2008
576,2752,1,2010
577,2872,1,2009
578,2925,1,2009
579,2954,1,2010
580,3005,1,2015
581,3057,1,2007
582,3133,1,2007
583,3158,1,2010
584,3174,1,2007
585,3347,1,2008
586,3353,1,2008
587,3405,1,2008
588,3452,1,2012
589,3478,1,2007
590,3487,1,2010
591,3516,1,2008
592,3559,1,2009
593,3602,1,2011
594,3614,1,2010
595,3676,1,2011
596,3776,1,2013
597,3884,1,2011
598,4058,1,2010
599,4086,1,2008
600,4148,1,2011
601,4216,1,2009
602,4401,1,2010
603,4407,1,2010
604,4717,1,2011
605,4750,1,2011
606,4751,1,2009
607,4829,1,2007
608,4845,1,2007
609,4939,1,2008
610,4984,1,2009
611,5068,1,2008
612,5170,1,2008
613,5200,1,2011
614,5271,1,2010
615,5397,1,2011
616,5476,1,2009
617,5588,1,2009
618,5593,1,2009
619,5650,1,2011
620,5693,1,2008
621,5813,1,2012
622,5975,1,2006
623,5980,1,2009
624,6056,1,2009
625,6067,1,2008
626,6072,1,2009
627,6189,1,2011
628,6430,1,2009
629,6490,1,2011
630,6724,1,2008
631,6792,1,2009
632,7009,1,2008
633,7048,1,2007
634,7124,1,2009
635,7185,1,2009
636,7316,1,2008
637,7337,1,2008
638,7407,1,2011
639,7724,1,2010
640,7907,1,2010
641,8121,1,2008
642,177,3,2000
643,31,4,2010
644,62,4,2007
645,90,4,2008
646,282,4,2008
647,329,4,2008
648,337,4,2004
649,398,4,2008
650,775,4,2010
651,950,4,2011
652,967,4,2008
653,1050,4,2008
654,1107,4,2009
655,1133,4,2009
656,1211,4,2005
657,1285,4,2007
658,1589,4,2010
659,1648,4,2009
660,1770,4,2009
661,1785,4,2007
662,1916,4,2012
663,2088,4,2008
664,2104,4,2009
665,2122,4,2009
666,2133,4,2005
667,2146,4,2010
668,2195,4,2011
669,2292,4,2007
670,2424,4,2010
671,2548,4,2010
672,2668,4,2010
673,2676,4,2010
674,2702,4,2008
675,2752,4,2010
676,2759,4,2006
677,2872,4,2009
678,2925,4,2009
679,2929,4,2005
680,2954,4,2010
681,3057,4,2007
682,3095,4,2011
683,3133,4,2007
684,3140,4,2012
685,3158,4,2010
686,3163,4,2009
687,3174,4,2007
688,3233,4,2007
689,3296,4,2009
690,3353,4,2008
691,3397,4,2006
692,3405,4,2008
693,3478,4,2007
694,3487,4,2010
695,3516,4,2008
696,3559,4,2009
697,3605,4,2009
698,3869,4,2009
699,3884,4,2011
700,4058,4,2010
701,4086,4,2008
702,4158,4,2011
703,4199,4,2011
704,4314,4,2011
705,4329,4,2010
706,4380,4,2007
707,4401,4,2010
708,4681,4,2010
709,4717,4,2011
710,4750,4,2011
711,4751,4,2009
712,4788,4,2010
713,4845,4,2007
714,4861,4,2005
715,4973,4,2007
716,4984,4,2009
717,5071,4,2006
718,5238,4,2008
719,5248,4,2008
720,5357,4,2011
721,5476,4,2009
722,5593,4,2009
723,5654,4,2011
724,5888,4,2008
725,5962,4,2005
726,5980,4,2009
727,6072,4,2009
728,6189,4,2011
729,6240,4,2010
730,6253,4,2013
731,6407,4,2011
732,6430,4,2009
733,6534,4,2010
734,6545,4,2006
735,6626,4,2006
736,6648,4,2010
737,7124,4,2009
738,7185,4,2009
739,7190,4,2007
740,7221,4,2011
741,7337,4,2008
742,7407,4,2011
743,7705,4,2011
744,7724,4,2010
745,7811,4,2009
746,7825,4,2011
747,7882,4,2009
748,8121,4,2008
749,8170,4,2011
750,8960,4,2010
751,9704,4,2006
752,10854,4,2007
753,29,5,2011
754,31,5,2010
755,33,5,2015
756,34,5,2012
757,35,5,2009
758,54,5,2013
759,62,5,2007
760,85,5,2014
761,90,5,2008
762,141,5,2014
763,162,5,2013
764,181,5,2007
765,282,5,2008
766,301,5,2008
767,398,5,2008
768,444,5,2011
769,477,5,2006
770,494,5,2012
771,530,5,2006
772,578,5,2013
773,621,5,2007
774,705,5,2005
775,750,5,2015
776,970,5,2009
777,1050,5,2008
778,1107,5,2009
779,1133,5,2009
780,1209,5,2009
781,1233,5,2008
782,1458,5,2007
783,1549,5,2009
784,1559,5,2014
785,1615,5,2010
786,1648,5,2009
787,1700,5,2009
788,1703,5,2009
789,1747,5,2011
790,1770,5,2009
791,1785,5,2007
792,1841,5,2006
793,1916,5,2012
794,1923,5,2010
795,1949,5,2015
796,1968,5,2012
797,1970,5,2011
798,2087,5,2009
799,2088,5,2008
800,2101,5,2010
801,2146,5,2010
802,2200,5,2009
803,2220,5,2007
804,2292,5,2007
805,2368,5,2009
806,2373,5,2013
807,2390,5,2012
808,2410,5,2005
809,2470,5,2009
810,2548,5,2010
811,2561,5,2010
812,2643,5,2010
813,2668,5,2010
814,2669,5,2006
815,2706,5,2014
816,2752,5,2010
817,2872,5,2009
818,2925,5,2009
819,2954,5,2010
820,3005,5,2015
821,3029,5,2013
822,3057,5,2007
823,3148,5,2008
824,3158,5,2010
825,3174,5,2007
826,3208,5,2012
827,3397,5,2006
828,3405,5,2008
829,3452,5,2012
830,3478,5,2007
831,3487,5,2010
832,3559,5,2009
833,3602,5,2011
834,3626,5,2005
835,3676,5,2011
836,3722,5,2012
837,3776,5,2013
838,3884,5,2011
839,4058,5,2010
840,4148,5,2011
841,4216,5,2009
842,4322,5,2012
843,4529,5,2014
844,4717,5,2011
845,4750,5,2011
846,4845,5,2007
847,4973,5,2007
848,5109,5,2015
849,5142,5,2010
850,5170,5,2011
851,5194,5,2014
852,5200,5,2011
853,5271,5,2010
854,5360,5,2015
855,5377,5,2007
856,5397,5,2011
857,5476,5,2009
858,5588,5,2009
859,5650,5,2011
860,5755,5,2008
861,5763,5,2011
862,5975,5,2006
863,6173,5,2008
864,6189,5,2011
865,6438,5,2006
866,6567,5,2008
867,6605,5,2006
868,6724,5,2008
869,6986,5,2010
870,7009,5,2006
871,7042,5,2011
872,7048,5,2007
873,7347,5,2012
874,7407,5,2011
875,7419,5,2010
876,7519,5,2014
877,7744,5,2015
878,8201,5,2016
879,8615,5,2013
880,8773,5,2010
881,9288,5,2013
882,10124,5,2015
883,10127,5,2014
884,10513,5,2011
885,10981,5,2016
886,29,6,2011
887,31,6,2010
888,33,6,2015
889,34,6,2012
890,35,6,2009
891,54,6,2013
892,62,6,2007
893,85,6,2014
894,90,6,2008
895,141,6,2014
896,162,6,2013
897,181,6,2007
898,282,6,2008
899,301,6,2008
900,398,6,2008
901,444,6,2011
902,477,6,2006
903,494,6,2012
904,530,6,2006
905,578,6,2013
906,750,6,2015
907,970,6,2009
908,1050,6,2008
909,1107,6,2009
910,1133,6,2009
911,1209,6,2009
912,1233,6,2008
913,1458,6,2007
914,1549,6,2009
915,1559,6,2014
916,1615,6,2010
917,1648,6,2009
918,1700,6,2009
919,1703,6,2009
920,1770,6,2009
921,1785,6,2007
922,1841,6,2006
923,1916,6,2012
924,1923,6,2010
925,1949,6,2015
926,1968,6,2012
927,1970,6,2011
928,2087,6,2009
929,2088,6,2008
930,2101,6,2010
931,2146,6,2010
932,2200,6,2009
933,2292,6,2007
934,2368,6,2009
935,2373,6,2013
936,2390,6,2012
937,2470,6,2009
938,2548,6,2010
939,2561,6,2010
940,2643,6,2010
941,2668,6,2010
942,2706,6,2014
943,2752,6,2010
944,2872,6,2009
945,2925,6,2009
946,2954,6,2010
947,3005,6,2015
948,3029,6,2013
949,3148,6,2008
950,3158,6,2010
951,3208,6,2012
952,3405,6,2008
953,3487,6,2010
954,3559,6,2009
955,3602,6,2011
956,3676,6,2011
957,3722,6,2012
958,3776,6,2013
959,3884,6,2011
960,4058,6,2010
961,4148,6,2011
962,4216,6,2009
963,4322,6,2012
964,4529,6,2014
965,4717,6,2011
966,4750,6,2011
967,4973,6,2007
968,5109,6,2015
969,5142,6,2010
970,5194,6,2014
971,5200,6,2011
972,5271,6,2010
973,5360,6,2015
974,5377,6,2007
975,5397,6,2011
976,5476,6,2009
977,5588,6,2009
978,5650,6,2011
979,5755,6,2008
980,6189,6,2011
981,6724,6,2008
982,6986,6,2010
983,7042,6,2011
984,7048,6,2008
985,7347,6,2012
986,7376,6,2008
987,7407,6,2011
988,7419,6,2010
989,7519,6,2014
990,8201,6,2016
991,9288,6,2013
992,10127,6,2014
993,10981,6,2016
994,181,7,2007
995,208,7,2002
996,214,7,2001
997,265,7,2003
998,297,7,2002
999,301,7,2008
1000,337,7,2004
1001,356,7,2003
1002,398,7,2008
1003,433,7,2004
1004,477,7,2006
1005,491,7,2005
1006,530,7,2006
1007,573,7,2004
1008,736,7,2004
1009,767,7,2004
1010,830,7,2001
1011,859,7,2008
1012,937,7,2005
1013,970,7,2009
1014,1050,7,2008
1015,1095,7,2005
1016,1112,7,2002
1017,1133,7,2009
1018,1211,7,2005
1019,1233,7,2008
1020,1373,7,2005
1021,1424,7,2003
1022,1449,7,2001
1023,1458,7,2007
1024,1549,7,2009
1025,1648,7,2009
1026,1700,7,2009
1027,1760,7,2002
1028,1770,7,2009
1029,1785,7,2007
1030,1841,7,2006
1031,2069,7,2005
1032,2081,7,2004
1033,2088,7,2008
1034,2104,7,2009
1035,2133,7,2005
1036,2200,7,2009
1037,2220,7,2007
1038,2292,7,2007
1039,2355,7,2003
1040,2376,7,2004
1041,2379,7,2005
1042,2470,7,2009
1043,2614,7,2002
1044,2636,7,2004
1045,2702,7,2008
1046,2759,7,2006
1047,2815,7,2003
1048,2872,7,2009
1049,2907,7,2002
1050,2914,7,2002
1051,2929,7,2005
1052,2933,7,2005
1053,3022,7,2002
1054,3057,7,2007
1055,3064,7,2005
1056,3075,7,2002
1057,3133,7,2007
1058,3174,7,2007
1059,3206,7,2004
1060,3347,7,2008
1061,3353,7,2008
1062,3397,7,2006
1063,3405,7,2008
1064,3440,7,2002
1065,3478,7,2007
1066,3487,7,2010
1067,3540,7,2005
1068,3559,7,2009
1069,3646,7,2004
1070,3899,7,2002
1071,4009,7,2003
1072,4086,7,2008
1073,4109,7,2002
1074,4123,7,2000
1075,4216,7,2009
1076,4664,7,2004
1077,4751,7,2009
1078,4829,7,2007
1079,4845,7,2007
1080,4973,7,2007
1081,5271,7,2010
1082,5315,7,2004
1083,5380,7,2003
1084,5530,7,2002
1085,5586,7,2005
1086,5588,7,2009
1087,5962,7,2005
1088,5967,7,2003
1089,5975,7,2006
1090,6173,7,2008
1091,6608,7,2002
1092,6724,7,2008
1093,7882,7,2009
1094,8404,7,2008
1095,9361,7,2006
1096,9704,7,2006
1097,194,9,2001
1098,208,9,2002
1099,214,9,2002
1100,265,9,2003
1101,297,9,2002
1102,337,9,2004
1103,573,9,2004
1104,1211,9,2005
1105,2081,9,2004
1106,2133,9,2005
1107,2355,9,2003
1108,2376,9,2004
1109,2472,9,2001
1110,2571,9,2004
1111,2636,9,2004
1112,2759,9,2006
1113,2760,9,2001
1114,2907,9,2003
1115,2929,9,2005
1116,2980,9,2005
1117,3075,9,2002
1118,3089,9,2002
1119,3133,9,2007
1120,3206,9,2004
1121,3397,9,2006
1122,3440,9,2002
1123,3710,9,2001
1124,3763,9,2002
1125,3899,9,2002
1126,4009,9,2003
1127,4346,9,2001
1128,4350,9,2005
1129,4712,9,2001
1130,4861,9,2005
1131,5315,9,2003
1132,5583,9,2001
1133,5962,9,2005
1134,5993,9,2002
1135,6304,9,2005
1136,6330,9,2001
1137,7055,9,2002
1138,7667,9,2005
1139,9132,9,2003
1140,9210,9,2003
1141,9459,9,2002
1142,9699,9,2002
1143,9704,9,2006
1144,9831,9,2001
1145,11281,9,2003
1146,444,10,2011
1147,494,10,2012
1148,578,10,2013
1149,1559,10,2014
1150,1916,10,2012
1151,2390,10,2012
1152,2706,10,2014
1153,3005,10,2015
1154,3140,10,2012
1155,3452,10,2012
1156,3676,10,2011
1157,3776,10,2013
1158,3884,10,2011
1159,4529,10,2014
1160,4717,10,2011
1161,5397,10,2011
1162,5813,10,2012
1163,6189,10,2011
1164,6253,10,2013
1165,7407,10,2011
1166,7744,10,2015
1167,8319,10,2014
1168,8412,10,2014
1169,8615,10,2013
1170,10124,10,2015
1171,10382,10,2014
1172,11594,10,2013
1173,33,11,2015
1174,54,11,2013
1175,85,11,2014
1176,141,11,2014
1177,162,11,2014
1178,578,11,2013
1179,750,11,2015
1180,852,11,2016
1181,1559,11,2014
1182,1949,11,2015
1183,2706,11,2014
1184,3005,11,2015
1185,3029,11,2015
1186,3776,11,2013
1187,5109,11,2015
1188,5194,11,2014
1189,5360,11,2015
1190,8201,11,2016
1191,8689,11,2016
1192,10124,11,2015
1193,10282,11,2016
1194,177,12,2000
1195,194,12,2001
1196,214,12,2002
1197,382,12,2000
1198,864,12,1999
1199,1302,12,1998
1200,2388,12,1998
1201,3002,12,2000
1202,3385,12,1999
1203,4615,12,1996
1204,5348,12,1997
1205,5350,12,2000
1206,5993,12,1999
1207,177,13,1999
1208,194,13,2000
1209,214,13,2001
1210,382,13,2000
1211,712,13,1997
1212,864,13,1998
1213,992,13,2001
1214,1152,13,1998
1215,1302,13,1998
1216,2142,13,2001
1217,2407,13,2000
1218,2582,13,2000
1219,2760,13,2001
1220,2993,13,1998
1221,3002,13,1999
1222,3112,13,2000
1223,3162,13,1998
1224,3385,13,1998
1225,3694,13,1997
1226,3709,13,2001
1227,3916,13,1998
1228,4115,13,1999
1229,4405,13,1998
1230,4514,13,1999
1231,4598,13,2000
1232,6134,13,2000
1233,6180,13,1998
1234,6218,13,2001
1235,6759,13,1998
1236,7435,13,1996
1237,7715,13,2001
1238,10550,13,1998
1239,208,14,2002
1240,214,14,2002
1241,265,14,2003
1242,297,14,2002
1243,337,14,2004
1244,356,14,2003
1245,433,14,2004
1246,491,14,2005
1247,573,14,2004
1248,628,14,2003
1249,736,14,2004
1250,767,14,2004
1251,833,14,2004
1252,899,14,2005
1253,1155,14,2004
1254,1182,14,2005
1255,1211,14,2005
1256,1293,14,2005
1257,1373,14,2005
1258,1760,14,2002
1259,2069,14,2005
1260,2081,14,2004
1261,2133,14,2005
1262,2182,14,2005
1263,2193,14,2001
1264,2263,14,2003
1265,2273,14,2005
1266,2355,14,2003
1267,2376,14,2004
1268,2379,14,2005
1269,2384,14,2001
1270,2410,14,2005
1271,2614,14,2002
1272,2636,14,2004
1273,2753,14,2004
1274,2759,14,2006
1275,2914,14,2002
1276,2929,14,2005
1277,2933,14,2005
1278,3022,14,2002
1279,3064,14,2005
1280,3075,14,2002
1281,3155,14,2003
1282,3206,14,2007
1283,3397,14,2006
1284,3440,14,2002
1285,3540,14,2005
1286,3646,14,2004
1287,3899,14,2002
1288,4009,14,2003
1289,4109,14,2002
1290,4664,14,2004
1291,4987,14,2003
1292,5182,14,2004
1293,5315,14,2004
1294,5380,14,2003
1295,5962,14,2005
1296,5967,14,2003
1297,6608,14,2002
1298,9361,14,2006
1299,29,15,2011
1300,33,15,2015
1301,34,15,2012
1302,35,15,2009
1303,54,15,2013
1304,62,15,2007
1305,85,15,2014
1306,90,15,2008
1307,124,15,2004
1308,162,15,2012
1309,189,15,2010
1310,231,15,1995
1311,248,15,2007
1312,398,15,2008
1313,444,15,2011
1314,530,15,2006
1315,674,15,2010
1316,680,15,1994
1317,705,15,2005
1318,787,15,2012
1319,852,15,2016
1320,902,15,2013
1321,959,15,1996
1322,1002,15,2003
1323,1050,15,2008
1324,1107,15,2009
1325,1182,15,2004
1326,1197,15,2008
1327,1785,15,2007
1328,1968,15,2012
1329,2087,15,2009
1330,2088,15,2008
1331,2101,15,2010
1332,2146,15,2010
1333,2200,15,2009
1334,2368,15,2009
1335,2561,15,2010
1336,2706,15,2014
1337,2856,15,2015
1338,2872,15,2009
1339,3057,15,2007
1340,3148,15,2007
1341,3155,15,2003
1342,3208,15,2012
1343,3405,15,2008
1344,3559,15,2009
1345,3626,15,2005
1346,4318,15,2016
1347,4845,15,2007
1348,5109,15,2015
1349,7273,15,2004
1350,9196,15,1998
1351,9628,15,2005
1352,10012,15,1985
1353,11094,15,2006
1354,206,16,1981
1355,954,16,1981
1356,1214,16,1983
1357,1408,16,1980
1358,1469,16,1981
1359,2033,16,1980
1360,2310,16,1982
1361,2335,16,1987
1362,2688,16,1982
1363,2891,16,1988
1364,2906,16,1982
1365,2944,16,1980
1366,3013,16,1981
1367,3019,16,1989
1368,3053,16,1987
1369,3149,16,1985
1370,3270,16,1981
1371,3515,16,1981
1372,3817,16,1980
1373,3828,16,1983
1374,4259,16,1983
1375,4457,16,1984
1376,4472,16,1980
1377,4899,16,1988
1378,6106,16,1982
1379,337,17,2005
1380,530,17,2006
1381,644,17,2007
1382,1107,17,2009
1383,1458,17,2007
1384,1485,17,2005
1385,1770,17,2009
1386,1785,17,2007
1387,1841,17,2006
1388,1921,17,2005
1389,2104,17,2009
1390,2200,17,2009
1391,2220,17,2007
1392,2379,17,2005
1393,2668,17,2010
1394,2954,17,2010
1395,3057,17,2007
1396,3064,17,2005
1397,3347,17,2008
1398,3353,17,2008
1399,3487,17,2010
1400,4664,17,2006
1401,4751,17,2009
1402,4973,17,2007
1403,5271,17,2010
1404,5918,17,2008
1405,5975,17,2006
1406,6545,17,2006
1407,6596,17,2006
1408,7310,17,2007
1409,8508,17,2006
1410,8690,17,2006
1411,8898,17,2006
1412,9356,17,2006
1413,33,18,2015
1414,54,18,2013
1415,85,18,2014
1416,141,18,2014
1417,162,18,2014
1418,578,18,2013
1419,750,18,2015
1420,852,18,2016
1421,1559,18,2014
1422,1949,18,2015
1423,2706,18,2014
1424,3005,18,2015
1425,3029,18,2015
1426,3776,18,2013
1427,5109,18,2015
1428,5194,18,2014
1429,5360,18,2015
1430,8201,18,2016
1431,8689,18,2016
1432,10282,18,2016
1433,208,19,2002
1434,214,19,2001
1435,265,19,2003
1436,297,19,2002
1437,337,19,2004
1438,356,19,2003
1439,433,19,2004
1440,491,19,2005
1441,573,19,2004
1442,736,19,2004
1443,767,19,2004
1444,1211,19,2005
1445,1373,19,2005
1446,2069,19,2005
1447,2081,19,2004
1448,2133,19,2005
1449,2355,19,2003
1450,2376,19,2004
1451,2379,19,2005
1452,2410,19,2005
1453,2614,19,2002
1454,2636,19,2004
1455,2759,19,2006
1456,2929,19,2005
1457,2933,19,2005
1458,3022,19,2002
1459,3075,19,2002
1460,3397,19,2006
1461,3440,19,2002
1462,3491,19,2002
1463,3540,19,2005
1464,3899,19,2002
1465,4009,19,2003
1466,4938,19,2002
1467,5315,19,2004
1468,5380,19,2003
1469,5586,19,2005
1470,5651,19,2002
1471,5875,19,2002
1472,5962,19,2005
1473,6596,19,2006
1474,8837,19,2003
1475,9219,19,2005
1476,9896,19,2005
1477,34,20,2012
1478,54,20,2013
1479,494,20,2012
1480,578,20,2013
1481,1559,20,2014
1482,1916,20,2013
1483,1949,20,2015
1484,2373,20,2013
1485,2706,20,2014
1486,3005,20,2015
1487,3452,20,2012
1488,3722,20,2012
1489,3776,20,2013
1490,5194,20,2014
1491,5813,20,2012
1492,7519,20,2014
1493,8615,20,2013
1494,10127,20,2014
1495,7307,22,1999
1496,883,23,2012
1497,3776,23,2013
1498,7744,23,2015
1499,2994,15,2014
1500,868,1,2009
1501,3573,1,2008
1502,4075,1,2009
1503,4434,1,2008
1504,4574,1,2008
1505,868,5,2009
1506,4075,5,2009
1507,4434,5,2007
1508,4574,5,2008
1509,5372,5,2007
1510,6417,5,2006
1511,9220,5,2008
1512,868,6,2009
1513,3573,6,2008
1514,4075,6,2009
1515,4574,6,2008
1516,2048,7,2003
1517,3573,7,2008
1518,4075,7,2009
1519,4434,7,2007
1520,4574,7,2008
1521,5372,7,2007
1522,7576,9,2002
1523,5152,13,2001
1524,2048,14,2003
1525,8603,14,2004
1526,6417,17,2006
1527,8698,17,2006
1528,9186,19,2005
1529,5764,13,1996
1530,10917,15,2013
1531,11302,15,2010
1532,8020,9,2004
1533,5358,10,2012
1534,9920,10,2013
1535,1509,7,2002
1536,4067,7,2003
1537,5164,7,2002
1538,7938,7,2003
1539,5807,13,1998
1540,10174,13,1997
1541,11001,13,1998
1542,9716,17,2009
1543,10728,4,2008
1544,6906,6,2014
1545,8630,10,2016
1546,9371,11,2015
1547,6906,23,2014
1548,8630,23,2016
1549,8929,23,2015
1550,9371,23,2015
1551,9504,15,2009
1552,11371,15,2015
1553,7426,4,2008
1554,8325,4,2008
1555,8530,4,2010
1556,9929,4,2009
1557,10228,4,2010
1558,10665,4,2008
1559,9547,5,2011
1560,11480,5,2010
1561,10684,6,2010
1562,10769,6,2012
1563,1316,7,2006
1564,7099,7,2007
1565,8345,7,2007
1566,10556,7,2008
1567,10672,7,2008
1568,10765,7,2006
1569,10871,7,2010
1570,10914,7,2009
1571,11074,7,2010
1572,11165,7,2010
1573,11498,7,2007
1574,11549,7,2009
1575,11704,7,2008
1576,8120,10,2012
1577,8213,10,2013
1578,8637,10,2011
1579,9194,10,2015
1580,10391,10,2015
1581,8620,17,2008
1582,9444,17,2010
1583,10077,17,2013
1584,10277,17,2011
1585,10303,17,2011
1586,10313,17,2011
1587,10677,17,2010
1588,10713,17,2009
1589,10787,17,2013
1590,10990,17,2010
1591,10998,17,2011
1592,11227,17,2012
1593,11387,17,2011
1594,11415,17,2012
1595,11679,17,2013
1596,8207,1,2010
1597,9378,5,2016
1598,9378,6,2016
1599,9378,11,2016
1600,10745,15,2015
1601,9378,18,2016
1602,8474,9,2001
1603,11171,4,2010
1604,11249,4,2009
1605,4960,13,1996
1606,4292,8,1991
1607,6885,8,1994
1608,10155,8,1995
1609,2938,16,1982
1610,5076,4,2008
1611,7327,4,2009
1612,6062,7,2007
1613,10066,7,2009
1614,10911,17,2009
1615,7370,6,2012
1616,8105,6,2008
1617,8203,6,2015
1618,8974,6,2016
1619,9174,6,2010
1620,9262,6,2011
1621,9414,6,2012
1622,9743,6,2009
1623,7177,7,2006
1624,11600,7,2007
1625,8203,11,2015
1626,8974,11,2016
1627,6425,13,1999
1628,7032,17,2011
1629,8014,17,2013
1630,9430,17,2009
1631,9924,17,2009
1632,11376,17,2010
1633,11491,17,2011
1634,7032,23,2015
1635,8203,23,2015
1636,8974,23,2016
1637,9414,23,2013
1638,5988,13,1997
1639,6313,4,2008
1640,8710,4,2008
1641,8948,4,2009
1642,9291,4,2010
1643,9907,4,2008
1644,10014,4,2010
1645,10079,4,2008
1646,10794,4,2010
1647,11384,4,2009
1648,4305,6,2013
1649,5664,6,2014
1650,9298,6,2013
1651,10339,6,2015
1652,10950,6,2015
1653,10347,10,2013
1654,10738,10,2012
1655,10852,10,2015
1656,11470,10,2013
1657,5664,11,2014
1658,11285,17,2012
1659,11431,17,2009
1660,4305,23,2014
1661,8746,23,2014
1662,9298,23,2013
1663,10339,23,2015
1664,11612,23,2013
1665,490,21,1992
1666,693,21,1992
1667,8458,7,2006
1668,11050,4,2008
1669,8995,7,2004
1670,11258,7,2002
1671,9651,4,2009
1672,10421,7,2001
1673,10558,7,2001
1674,8610,10,2014
1675,4700,13,1994
1676,5335,13,1996
1677,7492,13,1998
1678,11015,13,1996
1679,10519,17,2010
1680,2747,13,1999
1681,2814,13,2000
1682,7170,13,2000
1683,1207,13,1996
1684,2321,13,1998
1685,9116,13,1999
1686,11508,15,2012
1687,8664,15,2008
1688,9477,15,2004
1689,11327,15,2008
1690,3677,3,1997
1691,4003,7,2001
1692,1412,8,1995
1693,1565,8,1996
1694,1773,8,1996
1695,1831,8,1994
1696,4121,8,1996
1697,7222,8,1995
1698,7881,8,1998
1699,8058,8,1996
1700,8295,12,1997
1701,667,13,1997
1702,1439,13,1999
1703,2428,13,1999
1704,2771,13,1996
1705,2921,13,1997
1706,3840,13,1998
1707,5671,13,1997
1708,7115,13,1997
1709,667,24,1999
1710,8978,4,2009
1711,9617,4,2008
1712,10607,4,2009
1713,11645,4,2011
1714,11206,7,2008
1715,9092,17,2010
1716,9140,17,2010
1717,10624,17,2010
1718,11608,23,2014
1719,8724,17,2010
1720,9053,17,2010
1721,10208,17,2013
1722,10308,17,2011
1723,10424,17,2010
1724,10975,17,2013
1725,11656,17,2012
1726,11096,23,2015
1727,9997,24,1996
1728,7695,7,2000
1729,9707,7,2006
1730,7447,13,1996
1731,7442,8,1995
1732,8195,8,1994
1733,5338,4,2009
1734,7603,4,2009
1735,7996,4,2008
1736,9927,4,2008
1737,6046,5,2009
1738,10757,9,2003
1739,9966,15,2009
1740,11326,15,2007
1741,5459,4,2010
1742,5536,4,2010
1743,6146,4,2010
1744,9244,4,2009
1745,9421,15,2011
1746,10499,15,2016
1747,5558,1,2010
1748,8992,1,2010
1749,5982,4,2010
1750,7934,4,2010
1751,8992,4,2010
1752,8266,10,2011
1753,408,1,2007
1754,990,1,2008
1755,1778,1,2008
1756,1816,1,2009
1757,1978,1,2006
1758,2102,1,2007
1759,2961,1,2008
1760,3679,1,2007
1761,4589,1,2010
1762,5167,1,2008
1763,5751,1,2010
1764,5792,1,2009
1765,5808,1,2009
1766,5938,1,2007
1767,5955,1,2009
1768,6055,1,2010
1769,6284,1,2010
1770,6642,1,2008
1771,7334,1,2008
1772,7586,1,2007
1773,8355,1,2008
1774,8730,1,2011
1775,9079,1,2010
1776,10388,1,2007
1777,1170,4,2007
1778,1262,4,2005
1779,1816,4,2009
1780,2539,4,2007
1781,2901,4,2005
1782,3580,4,2007
1783,3679,4,2007
1784,4949,4,2008
1785,5095,4,2008
1786,5167,4,2008
1787,5398,4,2007
1788,5751,4,2010
1789,5792,4,2009
1790,6055,4,2010
1791,6383,4,2010
1792,6518,4,2005
1793,6519,4,2008
1794,6642,4,2008
1795,6699,4,2008
1796,6729,4,2007
1797,6815,4,2008
1798,6842,4,2005
1799,7586,4,2007
1800,8314,4,2006
1801,8355,4,2008
1802,8398,4,2007
1803,8599,4,2011
1804,8752,4,2005
1805,8843,4,2006
1806,9066,4,2011
1807,9275,4,2006
1808,9282,4,2005
1809,9620,4,2009
1810,9972,4,2007
1811,10388,4,2007
1812,10561,4,2006
1813,1608,5,2007
1814,1816,5,2009
1815,1863,5,2008
1816,2086,5,2008
1817,2879,5,2006
1818,2961,5,2008
1819,3172,5,2007
1820,4054,5,2008
1821,4231,5,2009
1822,4645,5,2008
1823,4902,5,2009
1824,5695,5,2009
1825,5751,5,2010
1826,5808,5,2009
1827,6055,5,2010
1828,7062,5,2007
1829,7355,5,2006
1830,7940,5,2009
1831,9289,5,2012
1832,1863,6,2008
1833,3172,6,2008
1834,4645,6,2008
1835,4902,6,2009
1836,6454,6,2008
1837,372,7,2003
1838,390,7,2002
1839,408,7,2007
1840,554,7,2003
1841,733,7,2004
1842,914,7,2005
1843,988,7,2002
1844,1179,7,2002
1845,1201,7,2002
1846,1232,7,2004
1847,1256,7,2002
1848,1297,7,2004
1849,1436,7,2001
1850,1816,7,2009
1851,1978,7,2006
1852,2047,7,2002
1853,2197,7,2001
1854,2257,7,2002
1855,2294,7,2007
1856,2298,7,2006
1857,2475,7,2003
1858,2539,7,2003
1859,2560,7,2003
1860,2945,7,2005
1861,2956,7,2004
1862,2961,7,2008
1863,2989,7,2003
1864,3071,7,2004
1865,3096,7,2005
1866,3120,7,2002
1867,3245,7,2005
1868,3326,7,2002
1869,3413,7,2002
1870,3475,7,2004
1871,3595,7,2003
1872,3630,7,2006
1873,3718,7,2005
1874,3863,7,2001
1875,3984,7,2003
1876,4376,7,2003
1877,4378,7,2006
1878,4411,7,2003
1879,4533,7,2004
1880,4929,7,2004
1881,5167,7,2008
1882,5280,7,2005
1883,5392,7,2004
1884,5477,7,2004
1885,5532,7,2002
1886,5614,7,2003
1887,5792,7,2009
1888,5808,7,2009
1889,5847,7,2004
1890,5906,7,2002
1891,5909,7,2001
1892,5930,7,2003
1893,6103,7,2005
1894,6154,7,2005
1895,6160,7,2005
1896,6393,7,2002
1897,6517,7,2005
1898,6642,7,2008
1899,7546,7,2004
1900,7552,7,2003
1901,7890,7,2002
1902,8882,7,2007
1903,8889,7,2002
1904,8933,7,2006
1905,9841,7,2004
1906,9882,7,2003
1907,424,9,2001
1908,988,9,2003
1909,1297,9,2005
1910,1491,9,2003
1911,1517,9,2003
1912,2126,9,2003
1913,2148,9,2002
1914,2469,9,2004
1915,2560,9,2003
1916,2888,9,2004
1917,2956,9,2002
1918,3751,9,2005
1919,3818,9,2002
1920,4020,9,2002
1921,4182,9,2003
1922,4282,9,2003
1923,4336,9,2005
1924,4365,9,2002
1925,4376,9,2003
1926,4557,9,2002
1927,5082,9,2004
1928,5273,9,2004
1929,5280,9,2005
1930,5398,9,2003
1931,5644,9,2002
1932,5711,9,2002
1933,5723,9,2004
1934,6445,9,2002
1935,6948,9,2002
1936,7030,9,2004
1937,7570,9,2002
1938,7775,9,2001
1939,8093,9,2005
1940,8762,9,2004
1941,8889,9,2002
1942,8911,9,2005
1943,9044,9,2005
1944,9559,9,2003
1945,10027,9,2005
1946,10171,9,2005
1947,10183,9,2005
1948,10829,9,2006
1949,11017,9,2002
1950,11521,9,2004
1951,8730,10,2011
1952,192,13,2000
1953,473,13,1999
1954,1162,13,1998
1955,1901,13,1999
1956,1956,13,1998
1957,2139,13,1999
1958,2962,13,2001
1959,5814,13,1999
1960,7806,13,1999
1961,8078,13,2000
1962,9654,13,1999
1963,372,14,2003
1964,1179,14,2002
1965,1297,14,2004
1966,2107,14,2002
1967,2119,14,2001
1968,2197,14,2002
1969,2560,14,2003
1970,2945,14,2005
1971,3071,14,2004
1972,3096,14,2005
1973,3413,14,2002
1974,3475,14,2004
1975,4376,14,2003
1976,4378,14,2006
1977,4628,14,2003
1978,4929,14,2004
1979,5224,14,2004
1980,5392,14,2004
1981,5477,14,2004
1982,5847,14,2004
1983,5906,14,2002
1984,5949,14,2003
1985,6103,14,2005
1986,6153,14,2004
1987,6154,14,2005
1988,6480,14,2003
1989,6547,14,2002
1990,6613,14,2003
1991,6940,14,2004
1992,7546,14,2004
1993,7711,14,2002
1994,7826,14,2002
1995,8276,14,2002
1996,8889,14,2003
1997,9882,14,2003
1998,11397,14,2003
1999,1280,15,2002
2000,2879,15,2007
2001,2961,15,2008
2002,3962,15,2008
2003,4396,15,2004
2004,4645,15,2008
2005,6154,15,2005
2006,7729,15,2005
2007,8654,15,2007
2008,10005,15,2002
2009,10073,15,2009
2010,10143,15,2008
2011,10330,15,2003
2012,10358,15,2004
2013,10423,15,2006
2014,10506,15,2009
2015,10512,15,2010
2016,10572,15,2005
2017,10834,15,2016
2018,10875,15,2006
2019,11035,15,2004
2020,11297,15,2007
2021,11304,15,2002
2022,11553,15,2011
2023,81,16,1982
2024,222,16,1980
2025,473,16,1980
2026,719,16,1981
2027,915,16,1981
2028,923,16,1982
2029,962,16,1982
2030,1162,16,1981
2031,1363,16,1982
2032,1448,16,1982
2033,1471,16,1982
2034,1513,16,1982
2035,1560,16,1980
2036,1674,16,1981
2037,2002,16,1982
2038,2022,16,1983
2039,2027,16,1982
2040,2036,16,1983
2041,2120,16,1981
2042,2145,16,1982
2043,2416,16,1982
2044,2899,16,1983
2045,2935,16,1982
2046,2937,16,1981
2047,2985,16,1983
2048,3104,16,1983
2049,3157,16,1981
2050,3188,16,1987
2051,3443,16,1983
2052,3616,16,1982
2053,3628,16,1986
2054,4223,16,1986
2055,4626,16,1981
2056,4658,16,1987
2057,4870,16,1980
2058,5061,16,1981
2059,5187,16,1981
2060,6105,16,1989
2061,6347,16,1982
2062,6610,16,1981
2063,8114,16,1987
2064,8135,16,1987
2065,1816,17,2009
2066,2298,17,2006
2067,2416,17,2006
2068,2721,17,2006
2069,2879,17,2007
2070,3252,17,2007
2071,6020,17,2006
2072,7301,17,2007
2073,7595,17,2007
2074,8315,17,2005
2075,8398,17,2007
2076,8731,17,2006
2077,8821,17,2006
2078,8873,17,2006
2079,10100,17,2007
2080,10147,17,2008
2081,10703,17,2005
2082,372,19,2003
2083,390,19,2003
2084,554,19,2004
2085,1024,19,2002
2086,1075,19,2001
2087,2163,19,2002
2088,3096,19,2005
2089,3326,19,2003
2090,4376,19,2004
2091,4772,19,2002
2092,5046,19,2002
2093,5257,19,2002
2094,5847,19,2004
2095,5906,19,2002
2096,7546,19,2004
2097,7552,19,2003
2098,7721,19,2003
2099,9308,19,2002
2100,8454,7,2001
2101,10801,12,1999
2102,3823,4,2010
2103,3951,4,2010
2104,4252,4,2009
2105,4500,4,2008
2106,4503,4,2009
2107,7083,4,2008
2108,9049,4,2007
2109,9345,4,2011
2110,10935,4,2006
2111,2109,5,2012
2112,6429,5,2014
2113,2109,6,2012
2114,6429,6,2014
2115,1936,7,2008
2116,5868,7,2008
2117,6539,7,2008
2118,6969,7,2003
2119,9215,7,2007
2120,10350,7,2006
2121,3671,8,1994
2122,8079,8,1994
2123,8348,9,2004
2124,9328,9,2003
2125,10570,9,2002
2126,10575,9,2002
2127,2590,10,2013
2128,3611,10,2012
2129,4093,10,2012
2130,4500,10,2014
2131,4610,10,2013
2132,4828,10,2015
2133,6793,10,2015
2134,6879,10,2016
2135,7547,10,2014
2136,10893,10,2015
2137,3859,11,2016
2138,5354,12,1996
2139,7088,12,1999
2140,3177,13,1995
2141,3771,13,2000
2142,4093,13,1999
2143,6911,13,1998
2144,7288,13,1995
2145,7568,13,2001
2146,7610,13,1998
2147,7994,13,1997
2148,9272,14,2002
2149,10615,14,2004
2150,3771,17,2012
2151,4185,17,2011
2152,5122,17,2009
2153,6334,17,2009
2154,6830,17,2011
2155,7762,17,2010
2156,8558,17,2011
2157,8897,17,2010
2158,9392,17,2009
2159,10087,17,2011
2160,10097,19,2003
2161,10254,20,2012
2162,1144,23,2012
2163,5658,23,2014
2164,3584,24,1995
2165,4093,24,1997
2166,6720,24,1995
2167,8883,24,1995
2168,9185,24,1996
2169,8461,7,2004
2170,9055,7,2002
2171,7346,13,1999
2172,8461,14,2004
2173,9781,14,2003
2174,5903,16,1982
2175,6466,1,2009
2176,7319,1,2009
2177,8855,1,2010
2178,9503,1,2008
2179,3554,4,2009
2180,3932,4,2011
2181,4221,4,2007
2182,4281,4,2010
2183,5060,4,2010
2184,5093,4,2007
2185,5344,4,2010
2186,6093,4,2008
2187,7380,4,2009
2188,7680,4,2009
2189,8852,4,2009
2190,8926,4,2011
2191,9804,4,2011
2192,10053,4,2011
2193,10530,4,2009
2194,10819,11,2016
2195,10872,11,2016
2196,9889,15,2011
2197,10874,15,2011
2198,11330,15,2011
2199,11433,15,2007
2200,10283,4,2012
2201,10800,4,2012
2202,11517,4,2013
2203,1979,5,2012
2204,1979,6,2012
2205,10580,10,2015
2206,11039,10,2012
2207,1979,15,2012
2208,10962,15,2015
2209,4677,13,1998
2210,3141,7,2002
2211,4515,7,2002
2212,4609,7,2002
2213,4908,7,2003
2214,6088,7,2001
2215,8896,7,2004
2216,10366,7,2002
2217,10428,7,2003
2218,3273,9,2002
2219,3380,9,2001
2220,4011,9,2002
2221,4515,9,2002
2222,5420,9,2002
2223,5612,9,2003
2224,5744,9,2001
2225,5879,9,2002
2226,6088,9,2001
2227,7471,9,2002
2228,8735,9,2002
2229,9420,9,2002
2230,9789,9,2001
2231,10988,9,2002
2232,4709,12,2001
2233,4709,13,2001
2234,7123,13,2000
2235,4515,14,2002
2236,4908,14,2003
2237,6785,14,2002
2238,8896,14,2004
2239,3141,19,2002
2240,4515,19,2002
2241,4908,19,2003
2242,6088,19,2002
2243,7143,19,2003
2244,8896,19,2004
2245,3547,3,2001
2246,4153,4,2007
2247,6601,4,2007
2248,7900,4,2007
2249,8187,4,2008
2250,9344,4,2011
2251,11135,4,2009
2252,4126,5,2009
2253,11339,5,2006
2254,2343,7,2002
2255,2506,7,2003
2256,2509,7,2005
2257,2917,7,2004
2258,3230,7,2007
2259,4161,7,2007
2260,4639,7,2005
2261,4660,7,2007
2262,4830,7,2003
2263,5464,7,2003
2264,5675,7,2006
2265,5724,7,2006
2266,5972,7,2005
2267,6366,7,2008
2268,6505,7,2008
2269,6514,7,2006
2270,6585,7,2008
2271,9786,7,2007
2272,10337,7,2007
2273,11370,7,2007
2274,11540,7,2004
2275,873,8,1993
2276,3608,8,1995
2277,3666,8,1994
2278,3920,8,1991
2279,4531,8,1995
2280,5666,8,1991
2281,6016,8,1992
2282,6836,8,1994
2283,8233,8,1994
2284,9416,8,1995
2285,9551,8,1995
2286,9925,8,1994
2287,10445,8,1994
2288,3729,9,2001
2289,4607,9,2004
2290,4669,9,2002
2291,4917,9,2003
2292,5628,9,2005
2293,7462,9,2002
2294,8337,9,2006
2295,9353,9,2005
2296,9851,9,2003
2297,10613,9,2003
2298,11702,9,2002
2299,5353,12,1999
2300,8300,12,1998
2301,1972,13,2000
2302,2437,13,2001
2303,2685,13,1996
2304,2711,13,1999
2305,2874,13,1996
2306,4022,13,1997
2307,4073,13,1999
2308,8008,13,2001
2309,8021,13,1998
2310,10449,13,1995
2311,3303,17,2011
2312,6212,17,2011
2313,7671,17,2005
2314,9904,17,2006
2315,11473,17,2006
2316,2708,24,1997
2317,2711,24,1998
2318,7395,4,2007
2319,7651,4,2007
2320,8570,4,2008
2321,9164,4,2008
2322,10726,4,2008
2323,11392,4,2008
2324,9909,13,2001
2325,1759,1,2007
2326,3711,1,2008
2327,6730,1,2007
2328,8174,1,2009
2329,67,5,2011
2330,182,5,2008
2331,249,5,2010
2332,798,5,2014
2333,856,5,2012
2334,938,5,2011
2335,965,5,2014
2336,1583,5,2011
2337,2463,5,2008
2338,2541,5,2012
2339,4654,5,2011
2340,4889,5,2009
2341,6455,5,2009
2342,7326,5,2009
2343,67,6,2011
2344,182,6,2008
2345,249,6,2010
2346,798,6,2014
2347,856,6,2012
2348,938,6,2011
2349,965,6,2014
2350,1583,6,2011
2351,2405,6,2009
2352,2463,6,2008
2353,2541,6,2012
2354,4654,6,2011
2355,6455,6,2009
2356,1208,7,2002
2357,2463,7,2008
2358,5473,7,2004
2359,6526,7,2005
2360,7809,7,2006
2361,99,11,2015
2362,798,11,2014
2363,856,11,2015
2364,858,11,2015
2365,965,11,2014
2366,1131,11,2016
2367,3343,11,2015
2368,5355,14,2003
2369,5473,14,2004
2370,6526,14,2005
2371,7809,14,2006
2372,67,15,2011
2373,99,15,2015
2374,182,15,2008
2375,249,15,2010
2376,798,15,2014
2377,856,15,2012
2378,858,15,2014
2379,938,15,2011
2380,965,15,2014
2381,1131,15,2016
2382,1583,15,2011
2383,2541,15,2012
2384,3343,15,2015
2385,4654,15,2011
2386,11563,15,2015
2387,99,18,2015
2388,798,18,2014
2389,856,18,2015
2390,858,18,2015
2391,965,18,2014
2392,1131,18,2016
2393,3343,18,2015
2394,2064,1,2009
2395,9115,1,2009
2396,11606,1,2011
2397,9303,4,2004
2398,11022,4,2008
2399,7779,7,2002
2400,10788,10,2013
2401,9960,15,2014
2402,10989,15,2008
2403,6542,5,2015
2404,6776,5,2015
2405,8888,5,2015
2406,6542,6,2015
2407,6776,6,2015
2408,8888,6,2015
2409,6542,11,2015
2410,6776,11,2015
2411,8888,11,2015
2412,6542,18,2015
2413,6776,18,2015
2414,6542,23,2015
2415,6776,23,2015
2416,5450,5,2011
2417,5450,6,2011
2418,5450,15,2011
2419,7832,15,2011
2420,9910,15,2009
2421,3577,1,2010
2422,5283,1,2009
2423,6235,1,2010
2424,7138,1,2011
2425,7401,1,2010
2426,10182,1,2011
2427,7266,4,2008
2428,8879,4,2009
2429,4773,5,2008
2430,5136,5,2010
2431,6216,5,2011
2432,6316,5,2011
2433,7401,5,2010
2434,9664,5,2009
2435,10182,5,2011
2436,3577,6,2010
2437,4773,6,2008
2438,5136,6,2010
2439,6316,6,2011
2440,7138,6,2011
2441,7401,6,2010
2442,9664,6,2009
2443,10182,6,2011
2444,11023,6,2009
2445,4773,7,2008
2446,8254,7,2007
2447,11336,7,2005
2448,6316,15,2011
2449,4773,17,2008
2450,8254,17,2007
2451,1334,7,2002
2452,9009,1,2009
2453,10777,1,2009
2454,7474,4,2009
2455,10673,4,2008
2456,10777,4,2009
2457,5843,7,2007
2458,10648,15,2001
2459,11342,15,2001
2460,2570,13,1998
2461,5157,13,1996
2462,6082,13,1997
2463,6992,13,1997
2464,8459,13,1997
2465,9913,13,1996
2466,9936,13,1996
2467,6864,15,2013
2468,5035,16,1982
2469,11408,17,2013
2470,4008,2,1991
2471,5295,8,1994
2472,3791,1,2008
2473,6839,1,2008
2474,3791,4,2008
2475,5662,4,2008
2476,6448,4,2007
2477,6839,4,2008
2478,6839,5,2008
2479,3791,7,2008
2480,6448,7,2007
2481,6839,7,2008
2482,10446,4,2008
2483,11395,4,2009
2484,10157,7,2007
2485,10241,7,2006
2486,10472,7,2007
2487,10675,7,2009
2488,10739,7,2007
2489,6319,17,2011
2490,6860,17,2013
2491,7295,17,2011
2492,7543,17,2012
2493,7675,17,2013
2494,7946,17,2015
2495,10266,17,2013
2496,10814,17,2010
2497,10907,17,2013
2498,11274,17,2015
2499,11283,17,2009
2500,11354,17,2011
2501,11649,17,2012
2502,8962,23,2016
2503,11609,23,2016
2504,10223,17,2012
2505,307,1,2007
2506,999,1,2007
2507,1511,1,2009
2508,2346,1,2010
2509,2375,1,2008
2510,2697,1,2010
2511,4034,1,2008
2512,4285,1,2009
2513,4300,1,2008
2514,4690,1,2008
2515,4764,1,2007
2516,4769,1,2009
2517,5048,1,2011
2518,5284,1,2007
2519,5584,1,2009
2520,6919,1,2008
2521,7045,1,2009
2522,7338,1,2008
2523,528,2,1986
2524,900,2,1989
2525,925,2,1986
2526,1029,2,1988
2527,1357,2,1990
2528,1377,2,1990
2529,1431,2,1986
2530,1624,2,1985
2531,1733,2,1991
2532,1953,2,1987
2533,1986,2,1992
2534,2829,2,1993
2535,900,3,1988
2536,8169,3,2000
2537,8182,3,2001
2538,1556,4,2007
2539,1642,4,2005
2540,1688,4,2006
2541,2066,4,2009
2542,2286,4,2007
2543,2572,4,2007
2544,2578,4,2006
2545,2996,4,2010
2546,3069,4,2008
2547,3336,4,2010
2548,3739,4,2010
2549,3777,4,2007
2550,4210,4,2006
2551,4300,4,2008
2552,4455,4,2006
2553,4601,4,2011
2554,6570,4,2007
2555,6592,4,2008
2556,7173,4,2005
2557,8406,4,2008
2558,8829,4,2007
2559,9357,4,2008
2560,10362,4,2007
2561,11414,4,2008
2562,173,5,2009
2563,236,5,2009
2564,379,5,2012
2565,668,5,2006
2566,814,5,2012
2567,961,5,2008
2568,1042,5,2010
2569,1166,5,2011
2570,1181,5,2006
2571,1364,5,2012
2572,1684,5,2010
2573,1818,5,2013
2574,1885,5,2012
2575,1892,5,2012
2576,1930,5,2013
2577,2735,5,2015
2578,3438,5,2012
2579,3542,5,2008
2580,3662,5,2009
2581,3721,5,2010
2582,3755,5,2013
2583,3886,5,2011
2584,3949,5,2011
2585,5055,5,2010
2586,5133,5,2013
2587,5714,5,2011
2588,5740,5,2011
2589,6590,5,2012
2590,6639,5,2010
2591,8723,5,2013
2592,9726,5,2010
2593,10172,5,2011
2594,10304,5,2011
2595,10418,5,2012
2596,10419,5,2011
2597,173,6,2009
2598,236,6,2009
2599,379,6,2012
2600,514,6,2011
2601,814,6,2012
2602,961,6,2008
2603,1042,6,2010
2604,1166,6,2011
2605,1181,6,2008
2606,1364,6,2012
2607,1684,6,2010
2608,1818,6,2013
2609,1885,6,2012
2610,1892,6,2012
2611,1930,6,2013
2612,2346,6,2010
2613,2375,6,2012
2614,2735,6,2015
2615,3438,6,2012
2616,3542,6,2008
2617,3662,6,2009
2618,3721,6,2010
2619,3755,6,2013
2620,3886,6,2011
2621,3949,6,2011
2622,4478,6,2014
2623,5048,6,2011
2624,5055,6,2010
2625,5133,6,2013
2626,5714,6,2011
2627,5740,6,2011
2628,5893,6,2006
2629,7589,6,2012
2630,7731,6,2015
2631,8050,6,2015
2632,8240,6,2012
2633,8723,6,2013
2634,9409,6,2006
2635,10061,6,2013
2636,10379,6,2016
2637,10750,6,2013
2638,11476,6,2014
2639,307,7,2005
2640,413,7,2001
2641,581,7,2001
2642,605,7,2002
2643,618,7,2006
2644,666,7,2005
2645,717,7,2003
2646,1083,7,2004
2647,1086,7,2003
2648,2043,7,2001
2649,2068,7,2002
2650,2090,7,2001
2651,2304,7,2004
2652,2360,7,2006
2653,2375,7,2006
2654,2420,7,2004
2655,2536,7,2004
2656,2542,7,2003
2657,2620,7,2004
2658,2892,7,2005
2659,2924,7,2004
2660,3542,7,2008
2661,3552,7,2002
2662,3783,7,2003
2663,3911,7,2003
2664,3919,7,2002
2665,4146,7,2003
2666,4266,7,2004
2667,4492,7,2005
2668,4592,7,2006
2669,4745,7,2005
2670,4769,7,2005
2671,4808,7,2006
2672,5067,7,2002
2673,5090,7,2004
2674,5203,7,2003
2675,5277,7,2004
2676,5284,7,2007
2677,5462,7,2002
2678,5580,7,2003
2679,5669,7,2004
2680,5848,7,2005
2681,6144,7,2005
2682,6363,7,2008
2683,6382,7,2008
2684,6854,7,2003
2685,6919,7,2008
2686,7439,7,2007
2687,8265,7,2005
2688,8409,7,2006
2689,8909,7,2006
2690,8916,7,2002
2691,9047,7,2008
2692,9751,7,2005
2693,9891,7,2004
2694,9926,7,2002
2695,10360,7,2004
2696,11187,7,2006
2697,11288,7,2006
2698,11626,7,2007
2699,123,8,1992
2700,246,8,1992
2701,837,8,1993
2702,984,8,1990
2703,1327,8,1992
2704,1369,8,1991
2705,1395,8,1993
2706,1606,8,1993
2707,5653,8,1993
2708,6029,8,1994
2709,6428,8,1998
2710,6907,8,1991
2711,837,9,2003
2712,1203,9,2003
2713,1228,9,2002
2714,1369,9,2002
2715,2062,9,2005
2716,2704,9,2002
2717,3274,9,2003
2718,3306,9,2001
2719,4965,9,2002
2720,4983,9,2004
2721,5072,9,2004
2722,5835,9,2004
2723,6196,9,2002
2724,6392,9,2002
2725,6970,9,2003
2726,7174,9,2005
2727,7770,9,2004
2728,7818,9,2004
2729,7837,9,2003
2730,8510,9,2003
2731,10497,9,2003
2732,331,10,2013
2733,359,10,2015
2734,1324,10,2011
2735,1818,10,2012
2736,2941,10,2011
2737,3592,10,2013
2738,4517,10,2016
2739,5411,10,2016
2740,5455,10,2015
2741,6399,10,2015
2742,8240,10,2012
2743,9252,10,2013
2744,9335,10,2011
2745,11153,10,2014
2746,11181,10,2014
2747,379,11,2016
2748,668,11,2016
2749,961,11,2015
2750,1230,11,2016
2751,1924,11,2016
2752,1930,11,2015
2753,2735,11,2015
2754,5411,11,2016
2755,7429,11,2015
2756,7731,11,2015
2757,8050,11,2015
2758,9857,11,2016
2759,10379,11,2016
2760,10825,11,2016
2761,11362,11,2016
2762,11394,11,2016
2763,5085,12,2000
2764,556,13,1998
2765,1622,13,1997
2766,1814,13,1996
2767,1911,13,1997
2768,2012,13,1999
2769,2078,13,2000
2770,2624,13,2000
2771,2832,13,1998
2772,3352,13,2001
2773,3368,13,2000
2774,3369,13,1997
2775,4442,13,1998
2776,5494,13,1998
2777,5793,13,1997
2778,7096,13,1997
2779,8138,13,1997
2780,8433,13,1997
2781,11104,13,2001
2782,2068,14,2002
2783,2304,14,2004
2784,2536,14,2005
2785,2892,14,2005
2786,4814,14,2002
2787,5277,14,2005
2788,5580,14,2003
2789,6405,14,2003
2790,7043,14,2003
2791,7232,14,2003
2792,8909,14,2006
2793,9759,14,2005
2794,10311,14,2003
2795,10490,14,2004
2796,10699,14,2003
2797,173,15,2009
2798,379,15,2012
2799,961,15,2008
2800,1042,15,2010
2801,1230,15,2016
2802,1364,15,2012
2803,1684,15,2010
2804,1818,15,2013
2805,1892,15,2012
2806,1924,15,2016
2807,3721,15,2010
2808,3755,15,2013
2809,3949,15,2011
2810,5133,15,2013
2811,8723,15,2013
2812,147,17,2008
2813,187,17,2010
2814,514,17,2007
2815,1174,17,2005
2816,1622,17,2005
2817,2482,17,2010
2818,3880,17,2006
2819,3906,17,2006
2820,4043,17,2011
2821,4074,17,2005
2822,4197,17,2006
2823,4614,17,2009
2824,5986,17,2011
2825,6217,17,2004
2826,6260,17,2006
2827,6700,17,2010
2828,6919,17,2008
2829,7434,17,2006
2830,7727,17,2006
2831,7909,17,2006
2832,8087,17,2007
2833,8707,17,2008
2834,9002,17,2009
2835,9222,17,2006
2836,9776,17,2012
2837,11479,17,2007
2838,379,18,2016
2839,1230,18,2016
2840,1930,18,2015
2841,2735,18,2015
2842,9857,18,2016
2843,307,19,2005
2844,581,19,2003
2845,1119,19,2002
2846,1230,19,2002
2847,2420,19,2003
2848,2536,19,2004
2849,3552,19,2003
2850,5090,19,2004
2851,5669,19,2004
2852,5864,19,2003
2853,6144,19,2005
2854,6697,19,2006
2855,7043,19,2002
2856,7727,19,2005
2857,8022,19,2003
2858,8068,19,2003
2859,8798,19,2003
2860,9969,19,2003
2861,10336,19,2003
2862,1818,20,2013
2863,8723,20,2013
2864,6202,21,1993
2865,8356,21,1993
2866,2012,22,1999
2867,6722,22,2001
2868,9206,22,2001
2869,1892,23,2012
2870,2735,23,2015
2871,3886,23,2011
2872,1814,24,1997
2873,3369,24,1997
2874,3799,24,1996
2875,5659,24,1998
2876,5893,24,1997
2877,7096,24,1996
2878,8381,24,1997
2879,8682,24,1997
2880,10035,24,1998
2881,7226,4,2008
2882,8635,5,2011
2883,9788,5,2010
2884,10034,5,2009
2885,10237,5,2010
2886,10905,5,2011
2887,10909,5,2012
2888,11325,5,2011
2889,11372,5,2013
2890,11640,5,2011
2891,4091,16,1982
2892,5144,15,2003
2893,7270,1,2008
2894,10387,4,2009
2895,10412,4,2011
2896,11315,4,2008
2897,10749,15,2009
2898,11300,15,2005
2899,4474,3,1996
2900,3287,4,2009
2901,9453,4,2011
2902,9801,4,2010
2903,11407,5,2011
2904,3686,7,2002
2905,1941,8,1994
2906,2021,8,1993
2907,3490,8,1995
2908,5952,8,1992
2909,10104,10,2012
2910,3652,12,2000
2911,5782,13,1999
2912,11044,17,2006
2913,11503,17,2006
2914,9304,23,2011
2915,10104,23,2012
2916,7611,24,1998
2917,3820,1,2010
2918,5276,4,2009
2919,6110,4,2009
2920,6457,4,2010
2921,7414,4,2011
2922,7945,4,2011
2923,8306,4,2010
2924,8423,4,2011
2925,8692,4,2009
2926,9574,4,2009
2927,1400,5,2010
2928,3779,5,2013
2929,1400,6,2011
2930,3779,6,2013
2931,8342,6,2014
2932,1400,15,2010
2933,2964,15,2008
2934,3779,15,2013
2935,9521,5,2012
2936,9521,6,2012
2937,8993,8,1993
2938,10743,13,1996
2939,1618,1,2009
2940,1804,1,2009
2941,3588,1,2009
2942,4859,1,2009
2943,7452,1,2007
2944,11000,1,2008
2945,1618,4,2009
2946,4585,4,2008
2947,7748,4,2008
2948,8160,4,2009
2949,9038,4,2008
2950,11232,4,2007
2951,1168,5,2010
2952,1317,5,2011
2953,1459,5,2008
2954,1514,5,2011
2955,1530,5,2012
2956,1541,5,2007
2957,1618,5,2009
2958,1723,5,2009
2959,2382,5,2013
2960,2966,5,2014
2961,3449,5,2007
2962,3501,5,2013
2963,3802,5,2012
2964,3867,5,2011
2965,3960,5,2009
2966,4025,5,2007
2967,4040,5,2009
2968,4283,5,2008
2969,4859,5,2009
2970,4868,5,2012
2971,5186,5,2014
2972,5319,5,2010
2973,5424,5,2008
2974,5914,5,2009
2975,6779,5,2011
2976,7623,5,2009
2977,11584,5,2006
2978,1168,6,2010
2979,1317,6,2011
2980,1459,6,2008
2981,1514,6,2011
2982,1530,6,2012
2983,1541,6,2007
2984,1618,6,2009
2985,1723,6,2009
2986,2382,6,2013
2987,2966,6,2014
2988,3501,6,2013
2989,3802,6,2012
2990,3867,6,2011
2991,3960,6,2009
2992,4025,6,2007
2993,4040,6,2009
2994,4283,6,2008
2995,4859,6,2009
2996,4868,6,2012
2997,5186,6,2014
2998,5319,6,2010
2999,5424,6,2008
3000,5914,6,2009
3001,6649,6,2008
3002,6779,6,2011
3003,7623,6,2009
3004,1130,7,2002
3005,1708,7,2003
3006,2128,7,2001
3007,2666,7,2001
3008,2719,7,2003
3009,3062,7,2003
3010,4284,7,2005
3011,4463,7,2002
3012,4668,7,2004
3013,6092,7,2001
3014,6184,7,2001
3015,6296,7,2004
3016,6321,7,2004
3017,6838,7,2003
3018,7839,7,2006
3019,10024,7,2006
3020,10958,7,2006
3021,1766,9,2002
3022,2719,9,2003
3023,1317,10,2011
3024,2319,11,2015
3025,3994,11,2016
3026,4511,11,2016
3027,6378,12,1999
3028,437,13,1998
3029,599,13,1997
3030,1199,13,1998
3031,1268,13,1998
3032,1766,13,2000
3033,3056,13,1999
3034,6583,13,1998
3035,7146,13,2000
3036,7399,13,1997
3037,1130,14,2002
3038,1708,14,2004
3039,4284,14,2005
3040,4463,14,2003
3041,4668,14,2004
3042,6296,14,2004
3043,6321,14,2004
3044,6838,14,2003
3045,7839,14,2006
3046,8005,14,2004
3047,9226,14,2004
3048,9310,14,2002
3049,9373,14,2005
3050,9389,14,2004
3051,9566,14,2005
3052,1168,15,2010
3053,1317,15,2011
3054,1514,15,2011
3055,1530,15,2012
3056,1541,15,2007
3057,1618,15,2009
3058,1708,15,2004
3059,1723,15,2009
3060,2319,15,2015
3061,2966,15,2014
3062,3449,15,2007
3063,3501,15,2013
3064,3802,15,2012
3065,3867,15,2011
3066,3960,15,2009
3067,3994,15,2016
3068,4025,15,2007
3069,4040,15,2009
3070,4284,15,2005
3071,4511,15,2016
3072,5186,15,2014
3073,5424,15,2008
3074,7623,15,2009
3075,7839,15,2006
3076,9226,15,2004
3077,11647,15,2007
3078,1804,17,2009
3079,4668,17,2005
3080,7452,17,2007
3081,10227,17,2006
3082,10958,17,2006
3083,11619,17,2005
3084,2319,18,2015
3085,3994,18,2016
3086,4511,18,2016
3087,6296,19,2004
3088,1317,23,2011
3089,10747,15,2008
3090,4069,4,2007
3091,1076,16,1981
3092,2523,16,1981
3093,3446,16,1981
3094,3841,16,1981
3095,4437,16,1982
3096,10618,7,2010
3097,11507,7,2010
3098,9319,17,2011
3099,9898,17,2011
3100,10822,17,2012
3101,11179,17,2013
3102,11628,4,2008
3103,3026,8,1995
3104,10645,8,1996
3105,5511,12,1997
3106,1421,13,1997
3107,2492,24,1997
3108,9999,24,1998
3109,5385,5,2008
3110,7366,5,2010
3111,11572,5,2009
3112,5905,6,2012
3113,6315,6,2010
3114,7747,6,2011
3115,9596,6,2013
3116,10373,6,2012
3117,10706,6,2014
3118,10504,11,2014
3119,9425,17,2012
3120,11259,17,2010
3121,5674,23,2013
3122,5905,23,2014
3123,8104,23,2014
3124,8714,23,2015
3125,9401,23,2014
3126,10189,23,2015
3127,10599,23,2016
3128,10879,23,2015
3129,8647,1,2008
3130,8661,1,2009
3131,10048,1,2010
3132,11598,1,2009
3133,7475,4,2010
3134,9973,4,2007
3135,11351,4,2008
3136,9241,5,2010
3137,9241,6,2010
3138,7798,7,2008
3139,9901,9,2002
3140,10997,9,2001
3141,4446,13,2001
3142,9480,17,2007
3143,5569,13,1994
3144,7306,13,1995
3145,2738,16,1982
3146,5300,1,2008
3147,5396,1,2009
3148,5538,1,2011
3149,6011,1,2010
3150,6084,1,2011
3151,6741,1,2009
3152,6745,1,2010
3153,7468,1,2011
3154,7780,1,2011
3155,7859,1,2010
3156,8094,1,2009
3157,8153,1,2011
3158,8766,1,2011
3159,6011,4,2010
3160,7180,4,2007
3161,8153,4,2011
3162,9758,4,2007
3163,11054,4,2010
3164,5112,5,2009
3165,6745,5,2010
3166,7468,5,2011
3167,7780,5,2011
3168,5112,6,2009
3169,6745,6,2010
3170,7780,6,2011
3171,1033,7,2000
3172,5041,7,2002
3173,5294,7,2005
3174,5300,7,2008
3175,5396,7,2006
3176,8418,7,2004
3177,9355,7,2006
3178,10610,7,2006
3179,2884,9,2004
3180,5294,9,2005
3181,6254,9,2004
3182,8218,9,2003
3183,8688,9,2005
3184,9856,9,2005
3185,10610,9,2006
3186,5112,10,2011
3187,6084,10,2011
3188,6924,10,2011
3189,8766,10,2011
3190,5213,12,1999
3191,5990,12,1999
3192,7094,12,1999
3193,7371,12,1998
3194,8296,12,2000
3195,1848,13,2000
3196,4530,13,1998
3197,5686,13,1999
3198,6221,13,1999
3199,8697,13,1999
3200,2884,14,2004
3201,5294,14,2005
3202,5409,14,2002
3203,7554,14,2005
3204,8110,14,2004
3205,8562,14,2004
3206,8594,14,2004
3207,9343,14,2004
3208,9838,14,2005
3209,4682,17,2007
3210,5275,17,2008
3211,5396,17,2006
3212,9758,17,2007
3213,8110,19,2005
3214,8562,19,2004
3215,8594,19,2005
3216,9343,19,2004
3217,8881,4,2008
3218,10323,4,2009
3219,11543,4,2008
3220,8539,15,2011
3221,11149,15,2008
3222,1830,13,1995
3223,3223,13,1996
3224,5859,13,1995
3225,6229,13,1996
3226,7924,13,1995
3227,1822,13,1996
3228,10670,13,1997
3229,11066,4,2010
3230,11105,4,2008
3231,5393,8,1991
3232,9915,8,1994
3233,7639,13,1998
3234,10540,5,2011
3235,11107,5,2010
3236,9518,7,2008
3237,11137,7,2007
3238,10148,17,2010
3239,10884,17,2010
3240,11013,17,2012
3241,11093,17,2010
3242,11367,17,2010
3243,11544,17,2009
3244,11578,17,2010
3245,11610,17,2009
3246,10293,23,2013
3247,11672,23,2012
3248,10055,23,2015
3249,874,1,2007
3250,3213,1,2009
3251,3848,1,2007
3252,3891,1,2010
3253,3937,1,2010
3254,3976,1,2010
3255,5004,1,2010
3256,5040,1,2010
3257,5594,1,2007
3258,5803,1,2010
3259,6018,1,2009
3260,6127,1,2009
3261,6135,1,2010
3262,6326,1,2010
3263,6418,1,2011
3264,6758,1,2008
3265,6998,1,2009
3266,7066,1,2009
3267,7084,1,2013
3268,7228,1,2008
3269,8445,1,2009
3270,9829,1,2013
3271,874,4,2007
3272,2737,4,2010
3273,3213,4,2009
3274,3301,4,2006
3275,3497,4,2007
3276,3848,4,2007
3277,3976,4,2010
3278,4495,4,2011
3279,5960,4,2009
3280,5969,4,2006
3281,6033,4,2011
3282,6127,4,2009
3283,6197,4,2008
3284,6326,4,2010
3285,6338,4,2006
3286,6349,4,2008
3287,6418,4,2011
3288,6755,4,2010
3289,6772,4,2005
3290,6998,4,2009
3291,7066,4,2009
3292,7084,4,2013
3293,7678,4,2007
3294,7908,4,2008
3295,7927,4,2008
3296,8267,4,2009
3297,8445,4,2009
3298,9287,4,2008
3299,9724,4,2010
3300,9736,4,2007
3301,9829,4,2013
3302,9868,4,2006
3303,9985,4,2008
3304,10222,4,2009
3305,10375,4,2008
3306,10399,4,2009
3307,10444,4,2008
3308,10514,4,2008
3309,10577,4,2010
3310,11256,4,2008
3311,11311,4,2007
3312,11361,4,2008
3313,11420,4,2009
3314,11463,4,2006
3315,11483,4,2008
3316,11601,4,2009
3317,11631,4,2008
3318,11680,4,2008
3319,2988,5,2008
3320,3213,5,2009
3321,3695,5,2013
3322,3976,5,2010
3323,5314,5,2011
3324,6270,5,2013
3325,6418,5,2011
3326,6573,5,2009
3327,6635,5,2006
3328,6692,5,2011
3329,7956,5,2006
3330,8473,5,2009
3331,9829,5,2013
3332,9832,5,2012
3333,9916,5,2011
3334,11195,5,2006
3335,2988,6,2008
3336,3695,6,2013
3337,3976,6,2010
3338,5314,6,2011
3339,6270,6,2013
3340,6418,6,2011
3341,6573,6,2009
3342,8473,6,2012
3343,9432,6,2012
3344,9829,6,2013
3345,9832,6,2013
3346,10881,6,2015
3347,11047,6,2011
3348,11162,6,2014
3349,874,7,2007
3350,3213,7,2009
3351,3848,7,2007
3352,3937,7,2010
3353,3976,7,2010
3354,5527,7,2006
3355,6127,7,2009
3356,6512,7,2005
3357,6743,7,2008
3358,6922,7,2007
3359,6998,7,2009
3360,7066,7,2009
3361,8529,7,2009
3362,8848,7,2007
3363,9740,7,2008
3364,10049,7,2010
3365,10276,7,2009
3366,10404,7,2008
3367,10759,7,2006
3368,10996,7,2007
3369,11057,7,2007
3370,11131,7,2006
3371,11438,7,2007
3372,11589,7,2007
3373,8734,9,2005
3374,11061,9,2007
3375,6270,10,2013
3376,6418,10,2011
3377,7084,10,2013
3378,9829,10,2013
3379,9923,10,2011
3380,10003,10,2012
3381,7398,11,2015
3382,10881,11,2015
3383,1542,13,1998
3384,2689,13,2001
3385,8386,13,2001
3386,8431,13,2000
3387,874,17,2007
3388,3213,17,2009
3389,3848,17,2007
3390,3937,17,2010
3391,3976,17,2010
3392,6127,17,2009
3393,6391,17,2011
3394,7066,17,2009
3395,7357,17,2010
3396,8077,17,2005
3397,8642,17,2010
3398,8789,17,2011
3399,8885,17,2010
3400,9008,17,2006
3401,9399,17,2007
3402,10049,17,2010
3403,10085,17,2010
3404,10555,17,2010
3405,10632,17,2010
3406,10655,17,2009
3407,10785,17,2011
3408,10827,17,2013
3409,10865,17,2011
3410,11078,17,2010
3411,11113,17,2007
3412,11140,17,2012
3413,11176,17,2013
3414,11231,17,2012
3415,11244,17,2013
3416,11270,17,2012
3417,11271,17,2010
3418,11560,17,2010
3419,5969,19,2006
3420,6270,20,2013
3421,7084,20,2013
3422,9829,20,2013
3423,6418,23,2012
3424,8514,23,2014
3425,8596,23,2012
3426,8996,23,2015
3427,9665,23,2016
3428,10287,23,2011
3429,10727,23,2016
3430,10896,23,2015
3431,11245,23,2016
3432,6099,15,2012
3433,7056,15,2009
3434,10669,15,2010
3435,8180,15,2013
3436,9746,15,2013
3437,10257,15,2012
3438,7008,7,2006
3439,9854,7,2006
3440,8614,17,2006
3441,9933,17,2006
3442,3556,16,1981
3443,4012,16,1982
3444,6690,1,2008
3445,7598,1,2007
3446,8125,1,2009
3447,9542,8,1995
3448,6949,24,1998
3449,11060,7,2002
3450,11460,7,2007
3451,1255,1,2008
3452,3878,1,2010
3453,4302,1,2008
3454,5084,1,2009
3455,5809,1,2008
3456,6121,1,2008
3457,6478,1,2010
3458,6511,1,2011
3459,7011,1,2010
3460,7955,1,2008
3461,9598,1,2009
3462,9686,1,2009
3463,10321,1,2009
3464,2703,4,2008
3465,5809,4,2008
3466,6121,4,2008
3467,6478,4,2010
3468,7011,4,2010
3469,7126,4,2010
3470,7716,4,2009
3471,7918,4,2010
3472,7955,4,2008
3473,8009,4,2009
3474,8500,4,2009
3475,8864,4,2009
3476,9062,4,2008
3477,9266,4,2009
3478,9479,4,2011
3479,9598,4,2009
3480,9686,4,2009
3481,9807,4,2009
3482,10664,4,2010
3483,11084,4,2009
3484,11495,4,2009
3485,564,5,2011
3486,877,5,2013
3487,1992,5,2013
3488,2151,5,2011
3489,2247,5,2013
3490,2415,5,2009
3491,3878,5,2010
3492,4582,5,2010
3493,4885,5,2012
3494,5030,5,2013
3495,5458,5,2009
3496,5887,5,2015
3497,5957,5,2014
3498,6511,5,2011
3499,6844,5,2010
3500,6851,5,2014
3501,6938,5,2008
3502,7000,5,2011
3503,7280,5,2014
3504,7750,5,2014
3505,8812,5,2013
3506,11398,5,2009
3507,564,6,2011
3508,877,6,2013
3509,1992,6,2013
3510,2151,6,2011
3511,2247,6,2013
3512,2415,6,2009
3513,3878,6,2010
3514,4582,6,2010
3515,4885,6,2012
3516,5030,6,2013
3517,5957,6,2014
3518,6511,6,2011
3519,6844,6,2010
3520,6851,6,2014
3521,7000,6,2011
3522,7280,6,2014
3523,7750,6,2014
3524,8812,6,2013
3525,9598,6,2009
3526,11398,6,2009
3527,5789,10,2016
3528,7481,10,2011
3529,877,11,2015
3530,2247,11,2014
3531,4059,11,2016
3532,6931,11,2016
3533,7280,11,2015
3534,7335,11,2015
3535,7508,11,2016
3536,9240,11,2015
3537,9337,11,2016
3538,11070,11,2016
3539,4027,14,2004
3540,6111,14,2005
3541,10600,14,2005
3542,564,15,2011
3543,877,15,2013
3544,2247,15,2013
3545,4059,15,2016
3546,4141,15,2006
3547,4885,15,2012
3548,5458,15,2009
3549,6851,15,2014
3550,6900,15,2010
3551,7000,15,2011
3552,7255,15,2009
3553,7280,15,2014
3554,8292,15,2010
3555,8618,15,2010
3556,9686,15,2009
3557,9771,15,2008
3558,10274,15,2006
3559,10305,15,2008
3560,10470,15,2006
3561,10588,15,2012
3562,6828,17,2009
3563,8107,17,2005
3564,10687,17,2007
3565,877,18,2015
3566,2247,18,2014
3567,4059,18,2016
3568,6931,18,2016
3569,7335,18,2015
3570,9337,18,2016
3571,9337,20,2016
3572,3717,4,2007
3573,7431,4,2008
3574,9028,4,2006
3575,9917,4,2008
3576,11707,4,2007
3577,6669,9,2001
3578,7874,9,2005
3579,8932,9,2003
3580,10356,9,2004
3581,10792,9,2002
3582,11403,9,2006
3583,11621,9,2004
3584,3651,1,2009
3585,4293,1,2008
3586,5370,1,2009
3587,5422,1,2008
3588,5699,1,2008
3589,6022,1,2009
3590,6036,1,2010
3591,6182,1,2008
3592,6387,1,2009
3593,6588,1,2007
3594,7171,1,2009
3595,7549,1,2009
3596,8451,1,2009
3597,8716,1,2010
3598,9546,1,2010
3599,10685,1,2010
3600,10796,1,2010
3601,10925,1,2010
3602,11156,1,2010
3603,2690,4,2009
3604,3651,4,2011
3605,5422,4,2008
3606,6022,4,2008
3607,6182,4,2008
3608,6588,4,2007
3609,6883,4,2008
3610,7356,4,2009
3611,7613,4,2010
3612,8269,4,2008
3613,8511,4,2010
3614,8716,4,2010
3615,8804,4,2009
3616,9070,4,2010
3617,9178,4,2008
3618,9710,4,2008
3619,10064,4,2009
3620,10714,4,2010
3621,10831,4,2009
3622,11349,4,2008
3623,11573,4,2007
3624,11730,4,2008
3625,9874,7,2008
3626,11725,15,2011
3627,9001,17,2007
3628,9874,17,2008
3629,4952,1,2007
3630,10931,11,2015
3631,10625,15,2010
3632,6790,4,2007
3633,9600,17,2009
3634,10976,17,2007
3635,8819,7,2002
3636,399,1,2010
3637,654,1,2010
3638,747,1,2009
3639,762,1,2007
3640,854,1,2013
3641,922,1,2011
3642,1045,1,2009
3643,1138,1,2007
3644,1146,1,2007
3645,1206,1,2011
3646,1216,1,2008
3647,1338,1,2008
3648,1532,1,2011
3649,1576,1,2010
3650,1597,1,2012
3651,1671,1,2010
3652,2108,1,2007
3653,2204,1,2009
3654,2340,1,2010
3655,2362,1,2009
3656,2419,1,2008
3657,2445,1,2010
3658,2471,1,2008
3659,2484,1,2011
3660,2496,1,2008
3661,2665,1,2009
3662,2800,1,2010
3663,2833,1,2010
3664,3125,1,2010
3665,3459,1,2008
3666,4262,1,2010
3667,4746,1,2008
3668,4784,1,2013
3669,4995,1,2010
3670,5313,1,2009
3671,5570,1,2007
3672,7483,1,2014
3673,10604,1,2012
3674,376,4,2008
3675,493,4,2006
3676,625,4,2007
3677,654,4,2010
3678,773,4,2009
3679,922,4,2011
3680,971,4,2008
3681,973,4,2007
3682,1004,4,2008
3683,1067,4,2007
3684,1206,4,2011
3685,1414,4,2008
3686,1576,4,2010
3687,1579,4,2009
3688,1845,4,2009
3689,1939,4,2006
3690,2077,4,2007
3691,2108,4,2007
3692,2204,4,2009
3693,2235,4,2013
3694,2267,4,2010
3695,2362,4,2009
3696,2419,4,2008
3697,2484,4,2011
3698,2665,4,2009
3699,2800,4,2010
3700,2820,4,2008
3701,3063,4,2006
3702,3262,4,2005
3703,3295,4,2010
3704,3459,4,2008
3705,3801,4,2010
3706,4047,4,2010
3707,4165,4,2009
3708,4208,4,2007
3709,4692,4,2006
3710,4746,4,2008
3711,4776,4,2009
3712,4784,4,2013
3713,4791,4,2006
3714,4801,4,2009
3715,4910,4,2010
3716,5374,4,2008
3717,5570,4,2007
3718,5672,4,2007
3719,5727,4,2010
3720,5937,4,2006
3721,6109,4,2010
3722,6273,4,2007
3723,6541,4,2005
3724,6809,4,2007
3725,7160,4,2007
3726,8012,4,2010
3727,8481,4,2007
3728,8497,4,2006
3729,8645,4,2007
3730,9565,4,2007
3731,10604,4,2012
3732,11154,4,2011
3733,537,5,2008
3734,654,5,2010
3735,854,5,2013
3736,922,5,2011
3737,1206,5,2011
3738,1216,5,2008
3739,1338,5,2008
3740,1453,5,2014
3741,1532,5,2011
3742,1597,5,2012
3743,2089,5,2010
3744,2108,5,2007
3745,2204,5,2009
3746,2242,5,2015
3747,2419,5,2008
3748,2496,5,2009
3749,2665,5,2009
3750,3295,5,2010
3751,3459,5,2008
3752,5570,5,2007
3753,6164,5,2014
3754,537,6,2008
3755,654,6,2010
3756,854,6,2013
3757,922,6,2011
3758,1045,6,2009
3759,1206,6,2011
3760,1338,6,2008
3761,1453,6,2014
3762,1532,6,2011
3763,1597,6,2012
3764,2089,6,2010
3765,2108,6,2007
3766,2204,6,2009
3767,2242,6,2015
3768,2340,6,2010
3769,2419,6,2008
3770,2445,6,2010
3771,2484,6,2011
3772,2496,6,2008
3773,2665,6,2009
3774,3295,6,2010
3775,3459,6,2008
3776,762,7,2007
3777,1045,7,2009
3778,1138,7,2008
3779,1146,7,2007
3780,1216,7,2008
3781,1338,7,2008
3782,2108,7,2007
3783,2217,7,2005
3784,2419,7,2008
3785,2471,7,2008
3786,2496,7,2008
3787,2665,7,2009
3788,3262,7,2005
3789,3459,7,2008
3790,3821,7,2004
3791,4695,7,2003
3792,6273,7,2007
3793,1905,9,2004
3794,2067,9,2004
3795,2217,9,2005
3796,2315,9,2004
3797,2838,9,2005
3798,3063,9,2006
3799,3083,9,2005
3800,3593,9,2004
3801,3855,9,2005
3802,3930,9,2003
3803,4145,9,2005
3804,4698,9,2002
3805,5828,9,2004
3806,6401,9,2005
3807,6632,9,2006
3808,8580,9,2004
3809,10919,9,2006
3810,854,10,2013
3811,922,10,2011
3812,1206,10,2011
3813,2235,10,2013
3814,2959,10,2012
3815,4784,10,2013
3816,7483,10,2014
3817,1453,11,2014
3818,2242,11,2015
3819,2217,14,2005
3820,3262,14,2005
3821,3821,14,2005
3822,8580,14,2004
3823,730,15,1999
3824,922,15,2011
3825,2089,15,2010
3826,3295,15,2010
3827,654,17,2010
3828,922,17,2011
3829,1206,17,2011
3830,2089,17,2010
3831,2108,17,2007
3832,3063,17,2006
3833,3295,17,2010
3834,4139,17,2006
3835,5943,17,2009
3836,6953,17,2006
3837,1453,18,2014
3838,2242,18,2015
3839,6164,18,2014
3840,2217,19,2005
3841,5570,19,2007
3842,854,20,2013
3843,1453,20,2014
3844,1597,20,2012
3845,2242,20,2015
3846,4784,20,2013
3847,7483,20,2014
3848,854,23,2013
3849,1453,23,2015
3850,10789,17,2008
3851,11651,17,2010
3852,10083,23,2015
3853,10218,23,2015
3854,10944,23,2015
3855,11180,23,2016
3856,11728,23,2016
3857,6469,4,2009
3858,7204,4,2009
3859,7256,4,2009
3860,8116,4,2009
3861,8659,4,2010
3862,8934,4,2010
3863,9011,4,2008
3864,10557,4,2009
3865,10902,4,2008
3866,11062,4,2009
3867,7604,7,2003
3868,9159,7,2001
3869,9820,14,2006
3870,10345,14,2003
3871,10489,14,2005
3872,9339,15,2006
3873,10705,15,2004
3874,6684,13,1998
3875,7781,4,2008
3876,9511,4,2006
3877,10820,4,2007
3878,10980,4,2007
3879,11685,4,2007
3880,5890,9,2005
3881,4498,1,2008
3882,5139,1,2008
3883,8112,1,2011
3884,8801,1,2009
3885,9806,1,2010
3886,11504,1,2010
3887,6035,4,2009
3888,7164,4,2008
3889,7887,4,2009
3890,7936,4,2009
3891,7966,4,2010
3892,8054,4,2011
3893,9806,4,2008
3894,11538,4,2010
3895,11592,4,2008
3896,4869,5,2009
3897,5645,5,2008
3898,5701,5,2009
3899,5758,5,2011
3900,6540,5,2010
3901,7768,5,2011
3902,8112,5,2011
3903,5758,6,2011
3904,6540,6,2010
3905,8112,6,2011
3906,10691,6,2011
3907,5645,7,2008
3908,5944,9,2005
3909,8310,9,2005
3910,9316,10,2011
3911,9445,10,2011
3912,4869,15,2009
3913,5758,15,2011
3914,6540,15,2009
3915,7005,15,2011
3916,7768,15,2011
3917,8861,15,2012
3918,9299,15,2009
3919,10359,15,2010
3920,10466,15,2009
3921,10654,15,2008
3922,10679,15,2007
3923,11653,15,2008
3924,11687,15,2009
3925,9928,11,2016
3926,9928,18,2016
3927,6158,6,2012
3928,10317,4,2012
3929,11263,4,2012
3930,8728,7,2009
3931,8441,17,2006
3932,10457,17,2009
3933,1246,1,2008
3934,1855,1,2007
3935,3641,1,2009
3936,3857,1,2009
3937,4016,1,2008
3938,4166,1,2008
3939,7082,1,2007
3940,7119,1,2008
3941,7445,1,2008
3942,7734,1,2008
3943,8499,1,2006
3944,8669,1,2007
3945,577,3,1998
3946,1246,4,2008
3947,2836,4,2006
3948,3486,4,2007
3949,3641,4,2009
3950,3857,4,2009
3951,4016,4,2008
3952,4166,4,2008
3953,5025,4,2006
3954,5096,4,2007
3955,7082,4,2006
3956,7294,4,2008
3957,7752,4,2008
3958,7960,4,2008
3959,8030,4,2008
3960,8743,4,2007
3961,9015,4,2008
3962,9023,4,2007
3963,9029,4,2007
3964,9333,4,2008
3965,9703,4,2007
3966,10851,4,2007
3967,226,5,2009
3968,1246,5,2008
3969,1855,5,2007
3970,2065,5,2007
3971,2836,5,2006
3972,2905,5,2006
3973,3641,5,2009
3974,3915,5,2009
3975,4558,5,2007
3976,5430,5,2008
3977,6298,5,2006
3978,7082,5,2006
3979,7734,5,2008
3980,7742,5,2009
3981,226,6,2009
3982,1246,6,2008
3983,1406,6,2007
3984,2065,6,2007
3985,3641,6,2009
3986,5430,6,2008
3987,7742,6,2009
3988,320,7,2005
3989,419,7,2002
3990,1246,7,2009
3991,1281,7,2003
3992,1855,7,2007
3993,1965,7,2004
3994,2212,7,2002
3995,2429,7,2004
3996,2481,7,2003
3997,2677,7,2001
3998,2776,7,2003
3999,2836,7,2006
4000,2849,7,2002
4001,2905,7,2006
4002,3269,7,2000
4003,3307,7,2006
4004,3537,7,2002
4005,3826,7,2001
4006,4016,7,2008
4007,4382,7,2004
4008,4402,7,2001
4009,4475,7,2001
4010,4633,7,2001
4011,4665,7,2009
4012,4982,7,2003
4013,5143,7,2002
4014,5159,7,2004
4015,5223,7,2002
4016,5237,7,2005
4017,5524,7,2005
4018,5691,7,2002
4019,6118,7,2004
4020,6298,7,2006
4021,6494,7,2002
4022,6621,7,2003
4023,7153,7,2007
4024,7322,7,2002
4025,7601,7,2005
4026,7628,7,2001
4027,7734,7,2008
4028,8609,7,2001
4029,8703,7,2006
4030,8792,7,2006
4031,9405,7,2006
4032,320,9,2005
4033,10395,9,2006
4034,160,13,1997
4035,178,13,1999
4036,198,13,1996
4037,290,13,1999
4038,318,13,1997
4039,538,13,1998
4040,1202,13,1997
4041,1398,13,1997
4042,1960,13,2000
4043,2152,13,1998
4044,2159,13,2000
4045,2423,13,2000
4046,2468,13,1999
4047,2691,13,1999
4048,2785,13,1999
4049,3191,13,2000
4050,3589,13,1998
4051,3882,13,1998
4052,4462,13,2000
4053,5639,13,2001
4054,6069,13,1996
4055,6551,13,2000
4056,6568,13,1998
4057,6856,13,1998
4058,7314,13,1999
4059,8284,13,1996
4060,9322,13,1999
4061,320,14,2005
4062,1965,14,2004
4063,2212,14,2002
4064,2481,14,2003
4065,2776,14,2003
4066,2836,14,2006
4067,2905,14,2006
4068,3307,14,2006
4069,3537,14,2002
4070,3893,14,2003
4071,4382,14,2004
4072,4982,14,2003
4073,5100,14,2004
4074,5159,14,2004
4075,5237,14,2005
4076,5691,14,2002
4077,5810,14,2004
4078,6239,14,2001
4079,6621,14,2003
4080,7601,14,2005
4081,8703,14,2006
4082,8792,14,2006
4083,9405,14,2006
4084,160,15,1997
4085,198,15,1996
4086,226,15,2009
4087,318,15,1998
4088,320,15,2005
4089,538,15,1998
4090,1246,15,2008
4091,1267,15,2003
4092,1526,15,1999
4093,1614,15,2003
4094,1855,15,2007
4095,2776,15,2003
4096,2836,15,2006
4097,2905,15,2006
4098,3641,15,2009
4099,3857,15,2009
4100,3915,15,2009
4101,4558,15,2007
4102,5430,15,2008
4103,6298,15,2006
4104,9380,15,2003
4105,9510,15,2005
4106,9847,15,2001
4107,10671,15,2008
4108,10895,15,2003
4109,11175,15,2009
4110,11413,15,2000
4111,11482,15,2009
4112,1855,17,2007
4113,2836,17,2006
4114,3486,17,2007
4115,5025,17,2006
4116,7893,17,2005
4117,10498,17,2007
4118,11559,17,2009
4119,320,19,2005
4120,419,19,2003
4121,2212,19,2002
4122,2836,19,2006
4123,3537,19,2002
4124,4982,19,2003
4125,7082,19,2006
4126,7911,19,2002
4127,1433,22,2000
4128,6317,22,1998
4129,74,1,2012
4130,75,1,2010
4131,102,1,2013
4132,110,1,2011
4133,113,1,2014
4134,175,1,2010
4135,207,1,2006
4136,262,1,2009
4137,295,1,2007
4138,305,1,2009
4139,381,1,2007
4140,438,1,2012
4141,446,1,2009
4142,452,1,2010
4143,481,1,2011
4144,519,1,2007
4145,557,1,2007
4146,671,1,2007
4147,676,1,2008
4148,700,1,2011
4149,742,1,2008
4150,912,1,2006
4151,968,1,2008
4152,1008,1,2007
4153,1087,1,2007
4154,1093,1,2008
4155,1108,1,2008
4156,1145,1,2009
4157,1221,1,2007
4158,1224,1,2010
4159,1295,1,2010
4160,1308,1,2008
4161,1309,1,2007
4162,1388,1,2009
4163,1399,1,2007
4164,1481,1,2008
4165,1499,1,2009
4166,1510,1,2009
4167,1595,1,2007
4168,1620,1,2009
4169,1727,1,2009
4170,1784,1,2011
4171,1787,1,2008
4172,1868,1,2009
4173,1869,1,2008
4174,1874,1,2007
4175,1884,1,2010
4176,1933,1,2010
4177,1946,1,2010
4178,2025,1,2009
4179,2071,1,2010
4180,2137,1,2007
4181,2406,1,2009
4182,2532,1,2008
4183,2554,1,2009
4184,2682,1,2010
4185,2783,1,2009
4186,2910,1,2007
4187,2976,1,2009
4188,3015,1,2008
4189,3050,1,2009
4190,3194,1,2008
4191,3266,1,2010
4192,3294,1,2009
4193,3402,1,2009
4194,3429,1,2008
4195,3781,1,2011
4196,3926,1,2007
4197,3939,1,2010
4198,4178,1,2009
4199,4562,1,2010
4200,4564,1,2009
4201,4824,1,2008
4202,4895,1,2009
4203,5024,1,2008
4204,5106,1,2008
4205,5505,1,2011
4206,5517,1,2011
4207,5768,1,2008
4208,6037,1,2011
4209,6051,1,2007
4210,6195,1,2009
4211,6432,1,2010
4212,6673,1,2009
4213,6714,1,2008
4214,6930,1,2011
4215,7290,1,2007
4216,7507,1,2011
4217,7630,1,2010
4218,288,3,2001
4219,75,4,2010
4220,103,4,2005
4221,175,4,2010
4222,185,4,2005
4223,205,4,2004
4224,207,4,2006
4225,218,4,2005
4226,232,4,2005
4227,244,4,2006
4228,295,4,2007
4229,305,4,2009
4230,381,4,2007
4231,509,4,2008
4232,519,4,2007
4233,524,4,2008
4234,547,4,2006
4235,557,4,2007
4236,671,4,2006
4237,676,4,2008
4238,742,4,2010
4239,968,4,2008
4240,1008,4,2007
4241,1093,4,2009
4242,1140,4,2005
4243,1221,4,2007
4244,1309,4,2007
4245,1510,4,2009
4246,1515,4,2008
4247,1595,4,2007
4248,1644,4,2008
4249,1868,4,2009
4250,1874,4,2007
4251,1876,4,2005
4252,2025,4,2009
4253,2032,4,2005
4254,2059,4,2009
4255,2192,4,2008
4256,2337,4,2005
4257,2352,4,2005
4258,2406,4,2009
4259,2458,4,2008
4260,2464,4,2007
4261,2474,4,2008
4262,2532,4,2008
4263,2591,4,2007
4264,2613,4,2006
4265,2682,4,2010
4266,2783,4,2009
4267,2801,4,2010
4268,2910,4,2007
4269,3015,4,2008
4270,3209,4,2004
4271,3667,4,2006
4272,3781,4,2011
4273,3912,4,2008
4274,3939,4,2010
4275,4026,4,2009
4276,4178,4,2009
4277,4298,4,2004
4278,4447,4,2009
4279,4536,4,2006
4280,4761,4,2009
4281,4895,4,2009
4282,5249,4,2004
4283,5382,4,2009
4284,5505,4,2011
4285,5713,4,2008
4286,6244,4,2008
4287,6446,4,2009
4288,6673,4,2009
4289,6714,4,2008
4290,6817,4,2008
4291,6889,4,2009
4292,6955,4,2008
4293,7567,4,2009
4294,8442,4,2008
4295,8490,4,2007
4296,11134,4,2009
4297,11277,4,2007
4298,69,5,2015
4299,74,5,2012
4300,75,5,2010
4301,91,5,2011
4302,102,5,2013
4303,110,5,2011
4304,113,5,2014
4305,175,5,2010
4306,191,5,2016
4307,207,5,2006
4308,218,5,2012
4309,218,5,2005
4310,244,5,2006
4311,260,5,2009
4312,294,5,2013
4313,305,5,2009
4314,323,5,2008
4315,328,5,2010
4316,362,5,2015
4317,381,5,2007
4318,389,5,2010
4319,397,5,2012
4320,428,5,2014
4321,438,5,2012
4322,446,5,2009
4323,447,5,2010
4324,452,5,2010
4325,481,5,2011
4326,483,5,2010
4327,485,5,2010
4328,488,5,2009
4329,509,5,2008
4330,518,5,2009
4331,519,5,2007
4332,524,5,2008
4333,557,5,2007
4334,619,5,2008
4335,634,5,2013
4336,672,5,2015
4337,676,5,2008
4338,700,5,2011
4339,701,5,2014
4340,704,5,2008
4341,714,5,2014
4342,718,5,2008
4343,742,5,2008
4344,754,5,2013
4345,791,5,2007
4346,875,5,2006
4347,897,5,2006
4348,910,5,2012
4349,912,5,2006
4350,919,5,2008
4351,1007,5,2009
4352,1008,5,2007
4353,1015,5,2011
4354,1071,5,2008
4355,1079,5,2012
4356,1175,5,2011
4357,1219,5,2006
4358,1224,5,2010
4359,1229,5,2012
4360,1295,5,2010
4361,1300,5,2007
4362,1307,5,2016
4363,1386,5,2008
4364,1402,5,2014
4365,1417,5,2011
4366,1447,5,2011
4367,1490,5,2009
4368,1499,5,2009
4369,1502,5,2010
4370,1512,5,2012
4371,1521,5,2013
4372,1545,5,2008
4373,1595,5,2007
4374,1601,5,2011
4375,1638,5,2013
4376,1647,5,2011
4377,1665,5,2009
4378,1702,5,2010
4379,1715,5,2009
4380,1744,5,2010
4381,1751,5,2013
4382,1776,5,2006
4383,1784,5,2011
4384,1797,5,2005
4385,1810,5,2012
4386,1874,5,2007
4387,1884,5,2010
4388,1933,5,2010
4389,1976,5,2009
4390,1996,5,2007
4391,2025,5,2009
4392,2059,5,2009
4393,2071,5,2010
4394,2121,5,2010
4395,2137,5,2007
4396,2138,5,2006
4397,2147,5,2007
4398,2183,5,2008
4399,2184,5,2008
4400,2186,5,2014
4401,2188,5,2011
4402,2231,5,2011
4403,2282,5,2008
4404,2287,5,2012
4405,2299,5,2009
4406,2309,5,2008
4407,2357,5,2005
4408,2441,5,2015
4409,2486,5,2011
4410,2549,5,2014
4411,2554,5,2009
4412,2613,5,2006
4413,2623,5,2013
4414,2632,5,2007
4415,2639,5,2006
4416,2682,5,2010
4417,2683,5,2012
4418,2723,5,2009
4419,2786,5,2008
4420,2858,5,2009
4421,2882,5,2006
4422,2897,5,2008
4423,2918,5,2007
4424,3023,5,2006
4425,3025,5,2010
4426,3266,5,2010
4427,3279,5,2007
4428,3290,5,2007
4429,3392,5,2012
4430,3412,5,2008
4431,3545,5,2013
4432,3603,5,2010
4433,3781,5,2011
4434,3896,5,2009
4435,3912,5,2008
4436,3939,5,2010
4437,4094,5,2006
4438,4317,5,2007
4439,4375,5,2013
4440,4389,5,2011
4441,4421,5,2008
4442,4536,5,2006
4443,4562,5,2010
4444,4619,5,2007
4445,4678,5,2007
4446,4798,5,2008
4447,4840,5,2012
4448,4848,5,2006
4449,4895,5,2009
4450,5471,5,2008
4451,5505,5,2011
4452,5517,5,2011
4453,5609,5,2012
4454,6087,5,2005
4455,6359,5,2008
4456,6651,5,2013
4457,6897,5,2008
4458,6930,5,2011
4459,7424,5,2009
4460,8840,5,2006
4461,8908,5,2015
4462,8984,5,2007
4463,69,6,2015
4464,74,6,2012
4465,75,6,2010
4466,91,6,2011
4467,102,6,2013
4468,110,6,2011
4469,113,6,2014
4470,175,6,2010
4471,191,6,2016
4472,207,6,2006
4473,218,6,2012
4474,294,6,2013
4475,305,6,2009
4476,328,6,2010
4477,362,6,2015
4478,381,6,2007
4479,389,6,2011
4480,397,6,2012
4481,438,6,2012
4482,446,6,2009
4483,447,6,2010
4484,452,6,2010
4485,481,6,2011
4486,483,6,2010
4487,485,6,2010
4488,488,6,2009
4489,509,6,2008
4490,518,6,2009
4491,519,6,2007
4492,524,6,2008
4493,557,6,2007
4494,634,6,2013
4495,672,6,2015
4496,676,6,2008
4497,700,6,2011
4498,701,6,2014
4499,704,6,2008
4500,714,6,2014
4501,718,6,2008
4502,742,6,2008
4503,754,6,2013
4504,791,6,2007
4505,897,6,2006
4506,910,6,2012
4507,912,6,2006
4508,919,6,2008
4509,1007,6,2009
4510,1008,6,2007
4511,1015,6,2011
4512,1071,6,2008
4513,1079,6,2012
4514,1175,6,2011
4515,1224,6,2010
4516,1229,6,2012
4517,1295,6,2010
4518,1300,6,2007
4519,1307,6,2016
4520,1386,6,2008
4521,1402,6,2014
4522,1417,6,2011
4523,1447,6,2011
4524,1490,6,2009
4525,1499,6,2009
4526,1502,6,2010
4527,1512,6,2012
4528,1521,6,2013
4529,1545,6,2008
4530,1595,6,2007
4531,1601,6,2011
4532,1638,6,2013
4533,1647,6,2011
4534,1665,6,2009
4535,1702,6,2010
4536,1715,6,2009
4537,1744,6,2010
4538,1751,6,2013
4539,1784,6,2011
4540,1810,6,2012
4541,1874,6,2007
4542,1884,6,2010
4543,1933,6,2010
4544,1976,6,2009
4545,1996,6,2007
4546,2025,6,2009
4547,2059,6,2009
4548,2071,6,2010
4549,2121,6,2010
4550,2137,6,2007
4551,2138,6,2006
4552,2147,6,2007
4553,2183,6,2008
4554,2184,6,2008
4555,2186,6,2014
4556,2188,6,2011
4557,2231,6,2011
4558,2287,6,2012
4559,2299,6,2009
4560,2309,6,2008
4561,2441,6,2015
4562,2486,6,2011
4563,2549,6,2014
4564,2554,6,2009
4565,2623,6,2013
4566,2682,6,2010
4567,2683,6,2012
4568,2723,6,2009
4569,2786,6,2008
4570,2858,6,2009
4571,2897,6,2008
4572,2918,6,2007
4573,3266,6,2010
4574,3290,6,2007
4575,3392,6,2012
4576,3412,6,2008
4577,3545,6,2013
4578,3603,6,2010
4579,3657,6,2009
4580,3781,6,2011
4581,3896,6,2009
4582,3912,6,2008
4583,3939,6,2010
4584,4233,6,2007
4585,4317,6,2007
4586,4375,6,2013
4587,4389,6,2011
4588,4421,6,2008
4589,4562,6,2010
4590,4619,6,2007
4591,4678,6,2007
4592,4840,6,2012
4593,4895,6,2009
4594,5367,6,2006
4595,5471,6,2008
4596,5505,6,2011
4597,5517,6,2011
4598,6359,6,2008
4599,6651,6,2013
4600,6897,6,2008
4601,7424,6,2009
4602,8908,6,2015
4603,94,7,2003
4604,103,7,2004
4605,104,7,2002
4606,110,7,2011
4607,157,7,2003
4608,168,7,2003
4609,175,7,2010
4610,185,7,2005
4611,196,7,2002
4612,205,7,2004
4613,207,7,2006
4614,218,7,2005
4615,232,7,2005
4616,240,7,2002
4617,244,7,2006
4618,288,7,2003
4619,292,7,2004
4620,305,7,2009
4621,311,7,2001
4622,319,7,2001
4623,339,7,2002
4624,349,7,2002
4625,354,7,2003
4626,381,7,2007
4627,391,7,2001
4628,446,7,2009
4629,463,7,2001
4630,470,7,2003
4631,483,7,2010
4632,486,7,2004
4633,506,7,2002
4634,509,7,2008
4635,511,7,2004
4636,519,7,2007
4637,524,7,2008
4638,548,7,2003
4639,557,7,2007
4640,586,7,2004
4641,658,7,2002
4642,671,7,2006
4643,676,7,2008
4644,703,7,2003
4645,728,7,2003
4646,729,7,2003
4647,742,7,2008
4648,760,7,2005
4649,772,7,2001
4650,784,7,2005
4651,826,7,2004
4652,829,7,2004
4653,851,7,2001
4654,875,7,2006
4655,894,7,2003
4656,896,7,2000
4657,897,7,2006
4658,905,7,2003
4659,910,7,2000
4660,912,7,2006
4661,913,7,2002
4662,926,7,2002
4663,927,7,2005
4664,934,7,2003
4665,936,7,2004
4666,941,7,2002
4667,943,7,2004
4668,976,7,2001
4669,1005,7,2005
4670,1008,7,2007
4671,1018,7,2002
4672,1058,7,2004
4673,1093,7,2008
4674,1104,7,2004
4675,1105,7,2002
4676,1114,7,2005
4677,1116,7,2004
4678,1127,7,2004
4679,1140,7,2005
4680,1165,7,2002
4681,1173,7,2004
4682,1186,7,2004
4683,1219,7,2006
4684,1229,7,2005
4685,1274,7,2001
4686,1279,7,2006
4687,1309,7,2007
4688,1345,7,2001
4689,1374,7,2002
4690,1393,7,2001
4691,1498,7,2006
4692,1499,7,2009
4693,1506,7,2003
4694,1538,7,2002
4695,1543,7,2005
4696,1545,7,2008
4697,1575,7,2003
4698,1595,7,2007
4699,1598,7,2003
4700,1609,7,2004
4701,1672,7,2003
4702,1685,7,2000
4703,1697,7,2000
4704,1715,7,2009
4705,1722,7,2002
4706,1744,7,2010
4707,1764,7,2002
4708,1772,7,2002
4709,1776,7,2005
4710,1790,7,2003
4711,1797,7,2005
4712,1844,7,2005
4713,1847,7,2002
4714,1874,7,2007
4715,1906,7,2000
4716,1945,7,2000
4717,1996,7,2007
4718,2025,7,2009
4719,2032,7,2005
4720,2091,7,2006
4721,2103,7,2001
4722,2137,7,2007
4723,2138,7,2006
4724,2183,7,2008
4725,2184,7,2008
4726,2297,7,2002
4727,2309,7,2008
4728,2337,7,2005
4729,2352,7,2004
4730,2385,7,2005
4731,2402,7,2001
4732,2522,7,2002
4733,2552,7,2004
4734,2554,7,2009
4735,2585,7,2005
4736,2613,7,2006
4737,2629,7,2006
4738,2632,7,2007
4739,2634,7,2006
4740,2638,7,2001
4741,2639,7,2005
4742,2652,7,2005
4743,2772,7,2005
4744,2778,7,2004
4745,2786,7,2008
4746,2796,7,2004
4747,2826,7,2005
4748,2834,7,2000
4749,2837,7,2003
4750,2843,7,2005
4751,2882,7,2006
4752,2897,7,2008
4753,2910,7,2007
4754,3004,7,2000
4755,3023,7,2006
4756,3145,7,2006
4757,3153,7,2004
4758,3210,7,2003
4759,3267,7,2003
4760,3412,7,2008
4761,3437,7,2005
4762,3667,7,2006
4763,4317,7,2007
4764,4421,7,2008
4765,4619,7,2007
4766,4811,7,2005
4767,4895,7,2009
4768,5118,7,2003
4769,5190,7,2001
4770,5225,7,2001
4771,5333,7,2005
4772,5474,7,2003
4773,5479,7,2003
4774,5624,7,2000
4775,5841,7,2004
4776,5860,7,2002
4777,5923,7,2000
4778,6166,7,2001
4779,6345,7,2002
4780,6384,7,2002
4781,6473,7,2004
4782,6646,7,2001
4783,6679,7,2002
4784,6929,7,2002
4785,6942,7,2006
4786,7237,7,2003
4787,7290,7,2007
4788,7422,7,2002
4789,7490,7,2002
4790,7602,7,2002
4791,7612,7,2000
4792,7654,7,2005
4793,7867,7,2002
4794,9100,7,2005
4795,9223,7,2006
4796,9468,7,2002
4797,9718,7,2007
4798,10476,7,2005
4799,94,9,2003
4800,103,9,2004
4801,185,9,2005
4802,196,9,2002
4803,205,9,2004
4804,207,9,2006
4805,218,9,2005
4806,232,9,2005
4807,240,9,2002
4808,288,9,2001
4809,292,9,2004
4810,339,9,2002
4811,349,9,2003
4812,354,9,2003
4813,391,9,2001
4814,506,9,2002
4815,548,9,2003
4816,586,9,2003
4817,829,9,2004
4818,851,9,2002
4819,894,9,2003
4820,934,9,2003
4821,1140,9,2005
4822,1345,9,2002
4823,1496,9,2003
4824,1609,9,2004
4825,1790,9,2003
4826,1997,9,2003
4827,2337,9,2005
4828,2552,9,2004
4829,2652,9,2005
4830,2796,9,2004
4831,4655,9,2002
4832,5710,9,2003
4833,5841,9,2004
4834,6228,9,2003
4835,6735,9,2002
4836,7867,9,2002
4837,8494,9,2002
4838,9941,9,2006
4839,74,10,2012
4840,75,10,2011
4841,102,10,2013
4842,110,10,2011
4843,113,10,2014
4844,700,10,2011
4845,3549,10,2011
4846,69,11,2015
4847,84,11,2015
4848,102,11,2013
4849,113,11,2014
4850,191,11,2016
4851,294,11,2013
4852,362,11,2015
4853,561,11,2015
4854,634,11,2013
4855,672,11,2015
4856,701,11,2014
4857,714,11,2014
4858,754,11,2013
4859,1307,11,2016
4860,1402,11,2014
4861,1593,11,2014
4862,1806,11,2016
4863,2441,11,2015
4864,2549,11,2014
4865,2886,11,2015
4866,3160,11,2016
4867,4015,11,2016
4868,4966,11,2014
4869,5137,11,2013
4870,5326,11,2016
4871,5832,11,2015
4872,391,12,2001
4873,831,12,1999
4874,849,12,1998
4875,896,12,2000
4876,964,12,1999
4877,991,12,2000
4878,1022,12,1998
4879,1023,12,1999
4880,1110,12,1999
4881,1124,12,1999
4882,1319,12,1998
4883,1322,12,1999
4884,1528,12,1998
4885,1534,12,1999
4886,1861,12,1997
4887,2421,12,1999
4888,2512,12,2000
4889,2563,12,1997
4890,2564,12,1998
4891,2740,12,1998
4892,2953,12,1997
4893,4277,12,1999
4894,7661,12,1998
4895,288,13,2001
4896,364,13,1999
4897,383,13,1998
4898,391,13,2001
4899,447,13,1998
4900,506,13,2002
4901,560,13,1998
4902,588,13,1999
4903,679,13,1999
4904,764,13,1998
4905,772,13,2001
4906,831,13,1998
4907,849,13,1998
4908,896,13,2000
4909,941,13,1998
4910,964,13,1999
4911,991,13,2000
4912,1013,13,1997
4913,1017,13,1997
4914,1019,13,1996
4915,1022,13,1998
4916,1023,13,1998
4917,1030,13,2001
4918,1031,13,1997
4919,1110,13,1999
4920,1124,13,1999
4921,1169,13,1997
4922,1189,13,2000
4923,1205,13,1996
4924,1249,13,1995
4925,1274,13,2000
4926,1282,13,1998
4927,1319,13,1997
4928,1322,13,1998
4929,1332,13,1997
4930,1351,13,1997
4931,1371,13,1996
4932,1393,13,2001
4933,1472,13,1997
4934,1528,13,1997
4935,1534,13,1999
4936,1535,13,1998
4937,1607,13,1997
4938,1631,13,1995
4939,1634,13,1996
4940,1675,13,2000
4941,1685,13,2000
4942,1699,13,1999
4943,1745,13,1997
4944,1842,13,1998
4945,1945,13,2000
4946,1964,13,1997
4947,2014,13,1997
4948,2028,13,1996
4949,2034,13,1999
4950,2113,13,1997
4951,2198,13,1997
4952,2209,13,2000
4953,2221,13,1997
4954,2266,13,1998
4955,2295,13,1998
4956,2296,13,2001
4957,2402,13,2001
4958,2456,13,1998
4959,2500,13,1998
4960,2512,13,1998
4961,2547,13,1997
4962,2591,13,1994
4963,2638,13,2000
4964,2642,13,2000
4965,2779,13,2000
4966,3066,13,1996
4967,3483,13,1999
4968,3862,13,1996
4969,3943,13,1996
4970,3966,13,1999
4971,3980,13,1996
4972,3996,13,2000
4973,4000,13,1995
4974,4042,13,1997
4975,4215,13,1997
4976,4326,13,1996
4977,4418,13,1998
4978,4507,13,1999
4979,4666,13,1999
4980,4760,13,2000
4981,4767,13,1999
4982,4887,13,1995
4983,5132,13,1999
4984,5171,13,1999
4985,6021,13,1995
4986,6047,13,1996
4987,6079,13,1996
4988,6891,13,2000
4989,7513,13,1998
4990,7550,13,1995
4991,8043,13,1998
4992,8226,13,1995
4993,8364,13,1995
4994,8967,13,1995
4995,9273,13,1995
4996,9285,13,1996
4997,9622,13,1997
4998,9648,13,1998
4999,9687,13,1997
5000,11700,13,1995